,,,,
,,,,
,,,,
,,,,
,,,,
,,,,
,,,,
,,,,
,,,,
,,,,
,,,,
,,,,
,,,,
,,,,
,,,,
,,,,
,,,,
,,,,
,,,,
,,,,
,,21.69,-7.72,-25.54
,,22.02,-8.36,-26.66
,,22.67,-9.32,-27.83
,,23.45,-9.97,-29.28
,,24.25,-10.53,-30.89
,,25.22,-11.12,-32.74
,,25.96,-11.17,-34.67
,,26.95,-11.55,-36.56
,,28.27,-12.14,-38.37
,,29.72,-12.5,-40.28
,,31.08,-12.58,-42.21
,,32.17,-12.61,-44.16
,,33.13,-12.59,-46.1
,,33.61,-12.48,-48.15
,,33.53,-12.37,-49.94
,,33.22,-12.7,-51.73
,,32.86,-13.05,-53.31
,,31.42,-13.54,-54.54
,,30.16,-15.14,-55.39
,,29.94,-16.48,-56.9
,,29.54,-17.35,-58.48
,,29.31,-17.92,-60.13
,,29.82,-18.45,-62.18
,,31.15,-19.2,-64.47
,,33.52,-19.67,-66.53
,,34.23,-19.23,-66.84
,,30.57,-19.79,-66.2
,,25.37,-25.96,-63.46
,,24.91,-35.09,-63.15
,,25.93,-43.5,-64.06
,,28.18,-50.52,-66.37
,,26.89,-54.85,-67.18
,,22.41,-57.85,-65.06
,,18.44,-59.02,-63.04
,,16.86,-58.32,-62.85
,,,,
,,,,
,,15.3,-56.07,-62.41
,,15.83,-52.73,-63.75
,,16.17,-47.9,-64.85
,,17.12,-43.31,-66.67
,,18.38,-39.36,-67.87
,,19.83,-36.86,-68.81
,,20.32,-36.19,-69.01
,,19.48,-36.88,-68.28
,,16.68,-38.29,-65.51
,,15.78,-38.13,-64.97
,,17.51,-37.86,-67.22
,,15.69,-37.49,-67.87
,,13.56,-38.4,-66.95
,,13.72,-37.7,-68.67
,,13.56,-36.92,-70.13
,,12.99,-35.89,-70.99
,,12.69,-34.9,-71.53
,,13.62,-34.08,-72.57
,,14.87,-32.18,-73.3
,,15.31,-29.4,-73.17
,,16.17,-26.89,-73.66
,,16.86,-24.65,-73.31
,,17.26,-22.62,-73.1
,,18.87,-20.29,-74.46
,,20.73,-17.73,-75.35
,,21.6,-15.41,-75.76
,,21.93,-13.45,-76.43
,,21.51,-12.16,-76.63
,,20.92,-12.17,-77.63
,,21.33,-12.47,-79
,,20.44,-13.56,-79.79
,,19.34,-16,-79.07
,,19.32,-17.96,-79.42
,,19.77,-18.75,-80.7
,,,,
,,,,
,,19.49,-19.57,-81.65
,,20.03,-19.19,-82.95
,,21.47,-18.46,-84.42
,,23.28,-17.46,-85.13
,,23.5,-16.86,-84.76
,,21.97,-19.05,-82.42
,,20.8,-26.51,-78.67
,,21.36,-36.46,-77.09
,,20.54,-45.11,-74.56
,,23.09,-50.75,-75.99
,,22.68,-53.49,-76.6
,,20.31,-56.95,-75.53
,,16.74,-57.5,-73.4
,,17.59,-55.82,-76.35
,,17.78,-52.53,-78.89
,,13.98,-47.39,-77.41
,,12.19,-41.97,-78.38
,,10.72,-36.82,-78.55
,,12.51,-33.32,-79.84
,,13.16,-31.48,-80.04
,,11.89,-31.97,-79.09
,,8.12,-33.67,-75.09
,,8.18,-35.39,-75.2
,,10.79,-32.99,-76.04
,,9.97,-34.36,-78.98
,,7.79,-35.66,-77.42
,,7.92,-34.72,-78.49
,,7.96,-33.78,-79.4
,,7.56,-33.85,-79.06
,,7.84,-31.55,-78.3
,,9.16,-29.27,-78.84
,,9.31,-27.35,-76.96
,,9.89,-24.28,-76.41
,,10.16,-21.1,-76.41
,,10.48,-17.93,-76.31
,,,,
,,,,
,,11.08,-14.92,-76.65
,,11.66,-12.27,-77.6
,,11.88,-9.97,-77.18
,,12.35,-9.25,-77.48
,,13.54,-8.58,-78.71
,,14.48,-8.17,-80.51
,,15.44,-7.46,-81.73
,,15.33,-6.11,-81.81
,,13.99,-8.08,-80.58
,,13.92,-10.13,-81.08
,,14.21,-12.76,-80.44
,,14.51,-13.94,-80.75
,,14.65,-15.21,-81.57
,,15.59,-15.69,-82.79
,,17.33,-15.66,-84.49
,,19.84,-15.18,-85.87
,,21.78,-14.7,-85.94
,,21.82,-15.39,-84.93
,,20.19,-20.64,-82.01
,,21.84,-29.57,-79.47
,,21.83,-38.15,-76.7
,,22.65,-44.62,-76.36
,,23.3,-49.65,-77.35
,,18.08,-52.53,-73.31
,,13.07,-55.31,-70.19
,,10.64,-55.65,-69.2
,,12.79,-53.58,-73.29
,,14.18,-49.56,-76.53
,,13.64,-43.35,-77.8
,,14.89,-36.07,-81.07
,,15.9,-27.72,-84.01
,,15.63,-19.83,-84.98
,,15.76,-12.82,-85.57
,,13.63,-8.1,-86.42
,,,,
,,,,
,,8.27,-5.69,-86.8
,,3,-6.26,-85.94
,,4.1,-8.03,-82.62
,,4.7,-11.62,-85.75
,,7.25,-11.68,-85.56
,,3.29,-11.83,-83.95
,,-0.1,-14.98,-82.41
,,-0.13,-16.58,-83.22
,,0.85,-18.03,-82.76
,,1.85,-19.23,-83.27
,,1.86,-19.4,-83.5
,,1.71,-20.65,-83.51
,,2.68,-22.24,-83.69
,,4.75,-21.92,-82.98
,,6.03,-21.05,-80.95
,,7.31,-20.34,-79.32
,,8.52,-19.31,-77.94
,,9.78,-17.45,-77.74
,,10.51,-15.5,-78.29
,,11.02,-13.65,-78.6
,,11.38,-12.49,-79.26
,,11.65,-11.68,-79.77
,,11.35,-11.74,-79.73
,,11.37,-13.8,-80.03
,,11.87,-13.81,-79.79
,,11.71,-13.28,-79.21
,,10.74,-13.21,-78.46
,,10.47,-16.88,-78.01
,,11.33,-18.69,-77.98
,,11.16,-20.52,-78.21
,,11.52,-22.98,-78.29
,,13.5,-26.35,-78.81
,,18.52,-30.19,-80.23
,,25.66,-34.17,-82.65
,,31.09,-37.28,-84.57
,,,,
,,,,
,,32.64,-40.24,-85.05
,,29.88,-42.53,-81.88
,,30.88,-42.54,-83.8
,,31.07,-41.65,-84.14
,,32.32,-39.02,-85.51
,,33.46,-34.33,-87.21
,,33.44,-27.95,-88.04
,,31.74,-20.52,-87.54
,,30.2,-12.38,-87.56
,,28.28,-3.98,-87.69
,,24.87,3.91,-88.38
,,20.94,10.59,-89.76
,,17.89,15.67,-90.89
,,14.89,17.64,-93.07
,,15.32,17.15,-91.32
,,17.13,14.73,-88.35
,,17.23,13.03,-84.36
,,11.75,10.52,-88.33
,,8.72,5.66,-86.7
,,6.8,1.64,-85.01
,,7.24,-2.23,-82.1
,,11.22,-6.47,-80.84
,,12.56,-7.02,-80.46
,,10.76,-8.08,-78.61
,,9.78,-11.26,-77.6
,,11,-14.72,-76.66
,,13.69,-15.87,-77.06
,,15.72,-15.83,-77.39
,,16.1,-14.96,-77.2
,,15.65,-14.26,-76.53
,,15.93,-13.83,-76.42
,,15.96,-13.72,-76.42
,,15.93,-14.47,-76.81
,,15.75,-15.24,-76.85
,,,,
,,,,
,,15.39,-16.01,-76.52
,,15.31,-17.53,-77.03
,,14.34,-18.46,-76.34
,,12.5,-20.89,-74.93
,,12.04,-24.92,-74.91
,,12.55,-27.66,-75.32
,,13.64,-29.98,-76.19
,,17.55,-33.59,-78.71
,,25.92,-36.97,-82.96
,,29.01,-40.22,-83.99
,,27.26,-42.34,-83.08
,,23.83,-44.52,-81.69
,,16.92,-45.51,-76.04
,,16.74,-46.39,-76.55
,,18.43,-45.68,-78.92
,,23.05,-43.37,-83.14
,,27.98,-39.5,-88.03
,,29.22,-33.82,-90.49
,,26.5,-26.89,-90.44
,,20.89,-19.07,-88.52
,,16.22,-11.21,-87.74
,,13.75,-4.19,-88.31
,,12.5,2.57,-88.72
,,11.81,8.04,-88.51
,,10.92,11.8,-88.29
,,10.51,12.41,-88.23
,,11.33,10.22,-86.15
,,11.27,6.83,-83.5
,,10.91,6.09,-84.14
,,4.5,1.99,-84.87
,,1.96,-1.83,-82.29
,,-0.55,-4.42,-80.1
,,1.27,-8.66,-78.06
,,4.63,-10.28,-77.96
,,4.54,-10.72,-77.8
,,,,
,,,,
,,3.57,-13.64,-75.64
,,4.63,-15.89,-74.55
,,6.44,-16.51,-74.9
,,7.85,-16.86,-75.87
,,8.4,-16.16,-76.07
,,8.92,-15.33,-76.06
,,9.4,-14.99,-76.51
,,10.05,-14.99,-76.87
,,10.04,-14.91,-76.34
,,10,-15.3,-76.01
,,9.89,-16.25,-75.9
,,9.64,-17.17,-75.37
,,9.66,-18.92,-75.86
,,8.48,-20.24,-75.31
,,7.56,-23.48,-75
,,8.14,-26.56,-75.39
,,9.45,-29.07,-76.16
,,12.48,-32.32,-77.76
,,20.5,-35.87,-81.66
,,26.27,-39.43,-84.22
,,26.28,-41.61,-83.99
,,24.84,-43.93,-83.45
,,20.25,-45.6,-80.14
,,21.46,-46.49,-82.07
,,23,-45.27,-84.11
,,26.84,-42.55,-87.4
,,29.15,-38.07,-90.04
,,28.74,-32.18,-91.08
,,25.47,-25.03,-90.94
,,20.21,-17.3,-89.4
,,16.26,-9.57,-89.35
,,13.62,-2.35,-89.94
,,11.4,4.26,-90.48
,,9.1,9.18,-90.81
,,,,
,,,,
,,6.79,12.03,-91.5
,,6.09,11.88,-90.84
,,6.67,9.4,-88.72
,,7.28,4.71,-86.37
,,9.18,4.36,-85.44
,,4.17,1.61,-87.66
,,2.74,-2.98,-86.04
,,2.36,-5.61,-84.57
,,2.27,-8.25,-81.73
,,4.45,-10.31,-81.39
,,4.91,-10.67,-81.09
,,3.57,-11.89,-80.7
,,3.13,-13.82,-77.92
,,5.29,-14.01,-76.49
,,7.11,-14.4,-77.01
,,8.1,-14.92,-77.9
,,9.06,-14.06,-77.58
,,9.42,-13.06,-76.91
,,10.1,-12.41,-77.02
,,10.19,-11.98,-77.33
,,9.53,-11.74,-77.45
,,8.89,-12.07,-77.44
,,8.48,-13.7,-77.76
,,8.32,-14.51,-77.51
,,7.95,-14.92,-76.56
,,7.81,-16.68,-76.78
,,7.78,-18.78,-77.33
,,7.58,-20.89,-77.28
,,8.17,-23.22,-77.36
,,9.76,-26.39,-78.04
,,14.36,-30.55,-80.14
,,23.22,-34.52,-83.97
,,25.1,-37.94,-83.58
,,22.12,-40.01,-80.84
,,,,
,,,,
,,16.75,-43.11,-76.86
,,15.99,-43.89,-76.04
,,18.75,-44,-78.86
,,25.16,-42.49,-84.35
,,29.31,-38.78,-88.48
,,28.36,-33.12,-89.23
,,23.46,-26.93,-87.38
,,19.08,-20.35,-86.04
,,17.62,-14.21,-86.41
,,17.96,-8.78,-87.1
,,17.39,-4.01,-87.61
,,14.54,0.1,-87.73
,,10.94,2.78,-88.3
,,8.46,3.38,-88.56
,,7.79,2,-87.92
,,8.43,-0.94,-86.88
,,8.11,-2.91,-84.47
,,8.26,-6.1,-84.25
,,6.44,-10.15,-84.42
,,6.05,-12.46,-82.87
,,5.71,-16.02,-82.65
,,7.26,-19.66,-82.93
,,7.45,-20.03,-83.22
,,6.19,-21.11,-81.84
,,6.22,-22.75,-80.98
,,7.41,-22.73,-79.97
,,8.84,-21.91,-80.22
,,9.94,-20.91,-80.5
,,10.74,-19.29,-80.61
,,11.44,-18.01,-79
,,13.32,-16.94,-78.92
,,15.07,-15.05,-78.79
,,16.06,-13.03,-78.4
,,16.27,-11.17,-77.62
,,16.49,-9.59,-76.86
,,,,
,,,,
,,16.82,-7.74,-77.06
,,16.4,-6.49,-78.21
,,15.66,-6.46,-79.67
,,14.78,-6.94,-81
,,13.98,-7.79,-81.92
,,13.37,-9.6,-82.34
,,13.04,-12.17,-81.49
,,12.79,-12.03,-79.92
,,12.11,-14.29,-79.15
,,12.66,-16.11,-79.12
,,14.3,-16.72,-81.06
,,16.74,-16.86,-83.12
,,20.32,-16.7,-85.02
,,23.13,-16.36,-85.41
,,22.2,-16.87,-84.23
,,18.84,-20.96,-81.88
,,18.41,-27.94,-78.47
,,19.13,-35.87,-77.11
,,20.05,-41.22,-76.46
,,20.06,-44.4,-77.41
,,17.78,-46.66,-77.51
,,14.56,-48.5,-76.34
,,13.03,-48.36,-76.47
,,12.13,-46.34,-77.47
,,11.29,-42.76,-78.89
,,8.7,-38.26,-78.72
,,7.18,-33.99,-78.37
,,7.98,-32.13,-79.15
,,8.75,-32.36,-79.45
,,7.07,-33.35,-78.03
,,4.36,-34.88,-76.15
,,2.72,-34.28,-72.8
,,4.53,-35.8,-75.65
,,5.68,-38.18,-75.88
,,,,
,,,,
,,6.37,-37.28,-76.79
,,6.27,-36.59,-77.71
,,6.59,-36.13,-78.74
,,7.14,-35.15,-79.58
,,8.28,-34.04,-80.09
,,8.98,-31.66,-79.42
,,8.96,-30.93,-77.37
,,10.55,-30.51,-76.99
,,12.45,-27.81,-77.23
,,13.15,-24.98,-76.76
,,13.48,-22.47,-75.95
,,13.74,-19.74,-75.52
,,14.27,-16.78,-76.29
,,14.23,-14.12,-77.49
,,14.29,-12.55,-79.33
,,14.28,-10.84,-80.71
,,14.29,-9.18,-81.62
,,13.76,-8.06,-82.67
,,12.9,-8.84,-83.57
,,11.97,-10.11,-83.06
,,11.57,-11.45,-82.7
,,10.68,-13.74,-81.57
,,10.67,-15.59,-80.79
,,12.49,-15.64,-82.26
,,14.39,-15.5,-83.59
,,15.39,-15.44,-84.14
,,15.96,-15.81,-83.67
,,16.67,-19.81,-81.55
,,19.38,-25.72,-79.25
,,22.62,-32.11,-79.64
,,23.51,-36.79,-78.89
,,24.14,-40.5,-79.43
,,23.26,-43.1,-80.19
,,19.95,-45.92,-79.05
,,,,
,,,,
,,16.59,-47.61,-77.76
,,14.9,-47.84,-77.85
,,12.39,-46.24,-77.24
,,10.63,-43.15,-77.26
,,9.08,-39.22,-77.6
,,8.6,-35.19,-78.2
,,9.29,-31.5,-78.79
,,10.73,-29.29,-79.56
,,9.95,-28.31,-78.69
,,5.72,-31.37,-76.22
,,5.01,-33.38,-75.67
,,8.7,-32.29,-76.21
,,10.45,-33.77,-78.75
,,9.49,-33.52,-78.86
,,6.69,-34.49,-76.91
,,6.96,-34.51,-77.79
,,8.31,-34.46,-79.34
,,8.96,-32.69,-80.36
,,8.4,-31.01,-80.34
,,8.09,-30.12,-79.73
,,8.26,-27.64,-79.18
,,8.48,-24.85,-79.02
,,8.89,-22.8,-79.25
,,9.5,-20.34,-78.64
,,9.76,-18.54,-77.52
,,10.15,-16.88,-77.42
,,10.98,-15.71,-78.83
,,11.12,-14.67,-78.28
,,11.51,-13.35,-77.91
,,12.62,-12.03,-79.04
,,13.18,-10.46,-79.86
,,13.38,-9.02,-80.16
,,13.5,-8.78,-81.22
,,13.38,-8.97,-82.38
,,12.87,-8.09,-82.51
,,,,
,,,,
,,11.7,-10.52,-81.53
,,11.55,-13.22,-81.26
,,11.73,-15.7,-80.85
,,13.21,-16.47,-82.49
,,14.84,-16.32,-84.17
,,16.29,-15.77,-85.57
,,17.89,-14.94,-85.86
,,19.18,-14.74,-85.3
,,17.75,-17.87,-83.35
,,17.69,-24.35,-81.13
,,19.85,-32.05,-81.02
,,20.87,-37.77,-80.07
,,22.27,-42.67,-81.69
,,22.33,-46.39,-82.47
,,20.84,-49.05,-82.1
,,18.89,-50.08,-81.25
,,17.59,-49.51,-81.04
,,16.64,-47.24,-81.36
,,15.54,-43.68,-81.77
,,13.74,-39.44,-81.68
,,12.79,-35.07,-81.8
,,14.06,-31.62,-82.9
,,14.5,-29.48,-83.32
,,12.5,-29.07,-82.43
,,9.56,-29.68,-80.6
,,9.39,-30.23,-79.34
,,11.7,-30.34,-82.08
,,12.57,-31.42,-81.69
,,11.48,-30.7,-80.8
,,9.83,-32.13,-78.75
,,10.65,-33.26,-78.81
,,11.65,-32.82,-80.06
,,12.1,-31.19,-80.94
,,12.32,-29.85,-81.51
,,,,
,,,,
,,12.14,-29.19,-80.16
,,12.78,-27.09,-79.06
,,13.85,-24.54,-78.92
,,14.39,-21.85,-78.67
,,14.78,-19.49,-79.23
,,14.55,-17.21,-78.83
,,14.76,-16.02,-79.79
,,15.28,-14.39,-80.96
,,15.6,-12.04,-81.43
,,15.79,-9.5,-81.54
,,15.85,-7.28,-81.01
,,16.1,-5.45,-80.71
,,16.33,-5.58,-81.48
,,16.39,-5.04,-82.26
,,15.97,-6.18,-83.09
,,15.46,-8,-83.05
,,14.65,-10.05,-81.76
,,14.3,-12.24,-81.78
,,13.96,-14.74,-81.2
,,13.94,-16.72,-81.2
,,15.34,-16.65,-82.83
,,16.76,-16.19,-84.41
,,18.87,-15.79,-85.83
,,21.11,-15.35,-86.25
,,20.6,-16.1,-85.24
,,18.46,-20.98,-82.84
,,18.72,-28.8,-80.52
,,19.47,-36.51,-78.43
,,21.21,-42.55,-77.97
,,23.06,-45.84,-79.28
,,23.82,-48.1,-81.01
,,21.56,-50.08,-80.75
,,18.54,-50.5,-79.9
,,15.68,-49.54,-78.99
,,14.08,-47.21,-79.51
,,,,
,,,,
,,12.15,-43.7,-79.52
,,12.14,-40.07,-80.83
,,12.27,-36.14,-81.09
,,12.55,-33.15,-80.89
,,12.09,-31.68,-80.49
,,10.37,-31.81,-79.46
,,9.17,-33.46,-78.6
,,9.08,-35.68,-78.43
,,8.79,-36.99,-77.52
,,10.92,-36.14,-80.65
,,7.97,-38.21,-77.61
,,8.41,-37.23,-78.1
,,8.51,-36.88,-78.94
,,10.01,-36.24,-80.16
,,9.9,-34.48,-80.2
,,9.58,-32.47,-79.51
,,9.47,-30.41,-78.37
,,9.24,-28.35,-77.33
,,9.79,-27.14,-77.54
,,10.62,-25.29,-78.06
,,10.61,-23.68,-77.49
,,10.93,-22.67,-76.4
,,11.47,-20.57,-76.04
,,12.48,-18.23,-76.82
,,13.15,-15.97,-77.58
,,13.88,-13.62,-78.41
,,14.26,-11.06,-78.39
,,13.69,-8.64,-78
,,13.17,-7.27,-78.64
,,13.03,-6.84,-80
,,12.99,-6.98,-81.28
,,13.21,-7.14,-82.53
,,12.27,-7.55,-81.62
,,12,-9.38,-81.99
,,,,
,,,,
,,11.99,-11.15,-82.55
,,11.76,-13.2,-82.2
,,11.34,-14.87,-80.7
,,11.4,-16.48,-80.89
,,11.79,-17.21,-81.66
,,11.75,-18.95,-81.92
,,12.41,-18.78,-82.99
,,13.57,-18.54,-84.6
,,15.62,-17.87,-86.35
,,18.38,-16.72,-87.78
,,19.42,-15.73,-87.58
,,17.33,-16.38,-86.43
,,13.52,-21.8,-84.4
,,14.38,-30.29,-82.2
,,16.38,-38.47,-81.62
,,20.5,-44.27,-83.35
,,23.2,-47.97,-84.71
,,23.05,-49.83,-85.55
,,19.22,-52.46,-83.74
,,14.24,-53.75,-80.62
,,11.96,-53.28,-79.61
,,10.05,-51.98,-79.12
,,9.51,-48.31,-79.74
,,8.42,-42.29,-80.11
,,8.05,-34.59,-82.47
,,6.56,-26.94,-83.5
,,4.75,-20.91,-84.76
,,1.83,-16.14,-86.72
,,-2.38,-12.37,-89.03
,,-7.11,-9.55,-91.4
,,-10.51,-7.92,-93.61
,,-12.17,-7.27,-95.27
,,-13.67,-7.57,-96.71
,,-16.66,-8.81,-96.78
,,,,
,,,,
,,-19.99,-10.5,-95.91
,,-21.44,-11.84,-94.76
,,-21.36,-13.79,-96.35
,,-23.35,-16.34,-97.98
,,-26,-17.43,-98.29
,,-28.3,-19.81,-97.96
,,-29.65,-22.63,-96.92
,,-30.2,-24.19,-97.15
,,-31.58,-25.45,-96.36
,,-33.01,-26.46,-95.65
,,-33.78,-26.95,-94.83
,,-33.53,-26.78,-94.14
,,-33.44,-25.37,-93.38
,,-33.45,-24.37,-92.93
,,-32.82,-24.23,-92.88
,,-31.47,-24.04,-93.12
,,-29.53,-23.49,-93.26
,,-27.8,-22.24,-93.56
,,-26.31,-20.96,-93.19
,,-25.19,-19.39,-92.04
,,-24.5,-18.1,-90.5
,,-23.86,-16.48,-89.22
,,-23.51,-14.56,-88.29
,,-23.08,-13.06,-87.81
,,-22.04,-12.48,-88.22
,,-20.91,-11.33,-88.25
,,-20.63,-9.63,-87.99
,,-20.78,-9.03,-87.21
,,-20.22,-10.14,-87.07
,,-18.9,-9.89,-87.06
,,-18.64,-9.87,-86.38
,,-17.98,-10.97,-86.2
,,-16.48,-11.12,-86.94
,,-15.09,-11.26,-87.78
,,-14.79,-12.62,-87.75
,,,,
,,,,
,,-14.75,-14.25,-87.52
,,-13.76,-12.98,-88.22
,,-13.33,-12.21,-88.42
,,-12.46,-12.09,-88.76
,,-12.19,-10.9,-89.51
,,-12.45,-10.23,-90.87
,,-13.35,-10.46,-93.06
,,-15.15,-11.74,-94.82
,,-19.71,-13.82,-95.13
,,-26.28,-15.86,-95.33
,,-36.59,-17.65,-93.84
,,-48.15,-19.01,-91.47
,,-54.82,-19.65,-90.43
,,-56.76,-19.6,-90.93
,,-57.02,-18.27,-92.82
,,-58.31,-15.22,-94.96
,,-62.01,-11.73,-96.63
,,-67.45,-9.18,-97.85
,,-73.79,-8.35,-98.12
,,-78.53,-8.45,-98.95
,,-80.86,-9.03,-99.36
,,-81.45,-9.89,-99.98
,,-81.11,-10.99,-100.27
,,-80.25,-12.28,-100.81
,,-79.18,-13.09,-100.74
,,-77.78,-12.48,-101.6
,,-77.6,-13.38,-103.15
,,-78.23,-16.05,-101.87
,,-78.65,-18.48,-101.21
,,-76.27,-20.57,-101.41
,,-73.58,-19.44,-101.57
,,-73.98,-19.08,-100.22
,,-74.01,-20.11,-99.82
,,-72.01,-21.02,-100.27
,,,,
,,,,
,,-70.46,-20.21,-99.65
,,-69.23,-19.39,-99.34
,,-67.58,-19.03,-99.24
,,-66.16,-18.37,-99.02
,,-65.29,-17.77,-98.73
,,-64.26,-17.33,-98.83
,,-63.57,-17.1,-98.82
,,-63.59,-17.63,-98.61
,,-64.57,-20.04,-97.32
,,-64.2,-23.06,-97.41
,,-63.7,-26.07,-96.81
,,-61.95,-29.44,-96.86
,,-60.57,-32.11,-96.31
,,-60.64,-35.47,-95
,,-58.17,-38.61,-95.72
,,-55.74,-40.95,-96.38
,,-55.23,-42.84,-94.6
,,-54.4,-43.78,-93.39
,,-51.65,-44.31,-94.21
,,-48.22,-45.33,-96.1
,,-43.77,-46.15,-99.17
,,-39.74,-47.59,-102.32
,,-35.99,-48.56,-104.63
,,-35.19,-50.31,-104.55
,,-38.77,-53.16,-100.33
,,-45.23,-54.88,-94.6
,,-45.97,-52.25,-94.87
,,-41.21,-48.74,-100.23
,,-39.9,-44.54,-102.12
,,-37.15,-38.36,-105.25
,,-38.68,-31.65,-104.68
,,-41.73,-25.77,-103.82
,,-45.38,-20.41,-102.62
,,-45.74,-14.93,-102.29
,,-46.25,-9.97,-102.05
,,,,
,,,,
,,-45.21,-6.22,-101.84
,,-43.14,-3.58,-102.12
,,-40.21,-2.32,-101.74
,,-35.75,-1.43,-100.9
,,-30.48,0.43,-100.13
,,-26.32,1.82,-99.56
,,-23.44,2.22,-99.43
,,-21.7,1.98,-99.72
,,-20.22,0.7,-99.98
,,-18.97,-0.85,-99.2
,,-19.67,-2.67,-99.45
,,-20.57,-4.31,-98.23
,,-19.32,-5.55,-97.75
,,-19.01,-7.41,-97.2
,,-18.51,-8.37,-97.21
,,-17.89,-10.61,-96.73
,,-17.11,-12.1,-95.24
,,-16.5,-13.27,-93.79
,,-16.02,-13.26,-92.84
,,-15.6,-13.92,-92.38
,,-15,-15.24,-92.43
,,-13.72,-16.21,-92.97
,,-12.3,-15.8,-93.42
,,-11.5,-15.21,-93.19
,,-10.85,-14.93,-92.89
,,-10.18,-15.06,-92.33
,,-9.49,-15.54,-91.7
,,-9.26,-16.77,-89.95
,,-8.81,-19.56,-88.19
,,-7.54,-23.5,-87.29
,,-5.61,-26.62,-86.43
,,-3.8,-30.13,-86.13
,,-1.5,-34.37,-86.83
,,1.59,-38.22,-88.59
,,,,
,,,,
,,4.3,-41.71,-89.82
,,7.58,-43.3,-91.76
,,10.89,-44.73,-94.13
,,13.33,-46.23,-96.18
,,12.81,-48.19,-95.2
,,11.21,-51.77,-92.75
,,9.45,-53.99,-90.56
,,9.26,-53.38,-90.39
,,12.66,-49.43,-93.58
,,15.52,-45.38,-95.95
,,16.89,-40.53,-96.8
,,18.47,-34.38,-97.94
,,19.23,-26.91,-98.22
,,17.51,-19.55,-96.83
,,14.39,-12.49,-94.56
,,11.39,-6.87,-93.44
,,10.11,-3.1,-92.97
,,11.85,-0.57,-92.47
,,14.66,1.22,-92.44
,,17.47,1.12,-91.62
,,21.25,0.76,-90.61
,,24.56,1.31,-89.89
,,26.23,0.99,-89.87
,,27.02,-0.18,-89.84
,,27.4,-1.99,-90.12
,,27,-3.37,-88.47
,,24.9,-4.41,-88.3
,,22.37,-5.13,-87.09
,,21.8,-7.47,-87.34
,,22.49,-8.09,-87.13
,,21.81,-8.58,-86.07
,,20.52,-11.1,-84.67
,,21.2,-12.56,-82.95
,,21.95,-12.41,-82.64
,,21.44,-12.4,-83.07
,,,,
,,,,
,,20.87,-12.16,-83.21
,,20.49,-11.33,-83.14
,,19.78,-10.68,-82.65
,,19.51,-10.69,-82.84
,,19.29,-11.31,-83.19
,,19.18,-12.37,-82.6
,,19.4,-14.14,-80.9
,,19.94,-15.99,-80.4
,,20.39,-18.28,-79.18
,,20.34,-22.33,-77.79
,,20.9,-26.19,-77.19
,,22.21,-28.87,-77.51
,,23.38,-32.51,-77.93
,,24.8,-34.65,-78.16
,,25.36,-38.24,-77.38
,,27.71,-40.66,-78.5
,,30.28,-42.97,-80.8
,,34.36,-45.39,-84.11
,,38.42,-47.83,-87.76
,,37.39,-50.36,-86.11
,,32.14,-52.86,-80.2
,,24.85,-53.36,-72.86
,,26.54,-51.12,-74.88
,,31.84,-48.76,-80.52
,,34.64,-45.22,-83.21
,,39.4,-40.57,-86.93
,,41.85,-34.17,-88.59
,,42.04,-26.87,-88.62
,,39.95,-19.34,-87.84
,,36.81,-12.37,-86.01
,,35.01,-7.32,-85.54
,,36.46,-4.52,-85.07
,,37.89,-2.35,-85.81
,,38.83,-2.29,-85.99
,,,,
,,,,
,,41.29,-3.02,-85.75
,,43.98,-2.64,-85.26
,,44.86,-2.75,-85.43
,,44.16,-4.51,-85.95
,,43.05,-6.71,-83.48
,,40.41,-7.88,-83.14
,,37.82,-8.47,-82.47
,,36.54,-10.26,-83.19
,,34.11,-11.02,-81.54
,,30.93,-13.55,-79.81
,,30.18,-16.75,-78.72
,,30.53,-19.12,-78.1
,,30.54,-19.51,-78.14
,,29.75,-19,-78.2
,,29.5,-19.53,-78.35
,,30.11,-19.55,-78.86
,,30.97,-19.33,-79.45
,,31.65,-19.03,-79.87
,,32.4,-18.97,-80.1
,,33.24,-18.97,-80.4
,,33.39,-18.89,-79.97
,,32.91,-20.44,-78.4
,,33.12,-21.72,-77.66
,,32.11,-24.91,-75.37
,,31.76,-28.14,-74.37
,,32.12,-30.98,-74.48
,,32.82,-34.62,-75
,,33.91,-36.86,-75.48
,,34.57,-38.64,-75.63
,,37.07,-40.99,-77.34
,,39.41,-43.93,-79.24
,,41.96,-46.09,-81.63
,,43.81,-47.98,-83.64
,,40.18,-50.56,-80.17
,,32.81,-51.84,-72.6
,,,,
,,,,
,,26.99,-50.81,-67.74
,,31.55,-48.65,-73.07
,,37.04,-45.99,-78.69
,,42.85,-42.19,-84.02
,,46.86,-36.35,-87.69
,,47.39,-28.91,-88.85
,,45.14,-22.16,-88.49
,,42.67,-16.38,-87.49
,,41.06,-11.48,-86.07
,,41.28,-7.53,-85.08
,,43.18,-4.63,-84.11
,,44.75,-2.28,-84.82
,,45.48,-1.71,-85.05
,,46.44,-1.55,-85.26
,,47.15,-1.34,-85.19
,,47.3,-1.12,-85.12
,,46.64,-2.11,-85.17
,,46.16,-3.72,-84.21
,,44.15,-5,-83.11
,,40.2,-5.17,-82.41
,,39.27,-7.84,-82.6
,,39.1,-10.08,-82.93
,,37.84,-11.55,-80.57
,,36.87,-11.91,-80.67
,,35.21,-14.06,-79.65
,,34.45,-15.87,-78.51
,,34.42,-15.53,-78.55
,,33.93,-15.1,-79.12
,,33.36,-14.56,-78.95
,,33.3,-14.79,-79
,,33.49,-14.76,-79.66
,,33.26,-14.43,-79.84
,,32.28,-14.51,-79.42
,,31.73,-15.53,-79.56
,,,,
,,,,
,,31.17,-16.11,-78.93
,,29.84,-19.21,-76.84
,,29.33,-23.1,-75.97
,,29.51,-26.93,-75.08
,,29.96,-30.22,-74.95
,,30.78,-33.55,-75.29
,,32.28,-38.07,-75.93
,,34.63,-41.88,-77.44
,,37.47,-44.56,-79.55
,,40.45,-46.65,-81.71
,,42.2,-48.45,-83.44
,,41.02,-50.05,-82.91
,,37.88,-53.72,-79.44
,,35.65,-55.21,-77.13
,,35.34,-53.74,-77.6
,,41.77,-50.07,-84.64
,,45.21,-45.64,-87.61
,,47.22,-39.8,-89.67
,,49.69,-33.23,-91.57
,,51.44,-25.89,-92.59
,,49.33,-18.71,-90.85
,,44.55,-12.36,-87.48
,,40.93,-8.5,-86.12
,,41.94,-7.34,-85.97
,,45.11,-6.7,-86.2
,,46.7,-6.94,-86.31
,,47.49,-7.71,-86.57
,,47.87,-7.67,-86.27
,,47.43,-8.07,-86.3
,,45.43,-9.58,-84.3
,,39.94,-10.74,-82.72
,,39.52,-13.2,-83.09
,,40.66,-14.43,-82.87
,,37.33,-16.21,-80.19
,,35.56,-19.7,-78.93
,,,,
,,,,
,,35.58,-22.74,-78.31
,,35.87,-22.71,-78.07
,,34.28,-23.44,-76.95
,,33.59,-24.4,-77.11
,,34.17,-24.64,-78.29
,,34.5,-24.22,-79.03
,,34.53,-22.9,-79.1
,,34.48,-21.67,-78.95
,,34.72,-21.27,-79.01
,,35.17,-21.52,-79.21
,,35.12,-21.89,-78.39
,,33.36,-23.84,-75.69
,,32.57,-26.49,-74.23
,,32.15,-29.46,-72.95
,,31.75,-33.88,-72.44
,,32.19,-38.08,-72.44
,,33.83,-40.92,-73.57
,,35.16,-44.36,-74.39
,,38.01,-47.5,-75.92
,,40.9,-50.44,-78.09
,,44.84,-53.46,-82.27
,,42.4,-56.38,-80.68
,,32.93,-59.2,-72.01
,,23.86,-56.68,-64.83
,,30.08,-54.16,-73.15
,,36.15,-51.42,-80.27
,,41.04,-46.44,-86.03
,,44.02,-38.29,-90.42
,,42,-28.88,-90.34
,,38.4,-20.34,-89.32
,,36.82,-11.92,-89.84
,,35.74,-3.45,-89.64
,,33.55,4.8,-89.05
,,31.8,10.36,-89.66
,,,,
,,,,
,,30.83,13.5,-89.94
,,30.91,14.01,-89.59
,,31.34,12.04,-87.62
,,32.27,9.3,-84.62
,,32.85,8.82,-84.44
,,26.88,5.62,-86.13
,,25.26,1.5,-83.99
,,23.55,-1.07,-81.87
,,25.28,-4.62,-79.64
,,28.25,-6.34,-79.73
,,28.25,-7.15,-79.61
,,28.07,-9.12,-78.23
,,29.97,-11.47,-76.19
,,33.16,-12.29,-75.45
,,34.58,-12.85,-75.84
,,35.39,-13.62,-75.92
,,36.31,-13.24,-75.7
,,36.96,-12.75,-75.8
,,37.42,-12.89,-76.18
,,37.66,-13.06,-76.42
,,37.51,-13.06,-76.19
,,37.17,-14.15,-76
,,37.3,-15.7,-76.11
,,37.49,-16.34,-75.73
,,37.36,-17.17,-75.22
,,37.29,-19.04,-75.63
,,36.9,-21.21,-75.41
,,36.71,-23.7,-74.9
,,37.32,-25.99,-75.39
,,39.02,-28.72,-76.3
,,43.16,-32.28,-78.36
,,50.35,-35.82,-81.73
,,53.32,-38.9,-82.74
,,53.55,-40.7,-83.11
,,53.25,-43.45,-83.28
,,,,
,,,,
,,49.11,-44.6,-79.7
,,50.24,-44.63,-81.85
,,49.84,-43.13,-82.46
,,51.71,-40.14,-84.88
,,53.57,-35.54,-87.67
,,53.31,-29.4,-89.33
,,50.57,-22.43,-89.76
,,46.78,-15.27,-89.43
,,43.18,-8,-89.56
,,39.81,-1.28,-90.11
,,37.83,3.89,-90.71
,,37.08,7.62,-90.71
,,36.78,9.07,-90.36
,,37.66,8.32,-89.1
,,39.31,5.54,-86.91
,,41.22,4.05,-84.11
,,36.06,2.54,-86.93
,,32.16,-1.59,-85.61
,,29.87,-4.77,-83.83
,,30.38,-7.9,-80.72
,,34.04,-10.39,-80.84
,,34.02,-10.3,-80.12
,,31.83,-10.45,-77.67
,,32.31,-12.77,-75.69
,,34.75,-13.2,-75.6
,,35.28,-13.04,-75.78
,,34.57,-13.11,-75.88
,,34.43,-13.6,-76.01
,,35.06,-13.72,-76.38
,,34.91,-13.61,-76.56
,,33.99,-14,-76.12
,,33.84,-15.49,-76.21
,,34.28,-16.04,-76.14
,,34.83,-16.53,-76.08
,,,,
,,,,
,,35.61,-17.47,-76.24
,,36.48,-18.63,-76.38
,,37.15,-20.41,-76.72
,,37.72,-22.5,-76.74
,,38.53,-25.16,-76.96
,,39.93,-28.87,-77.59
,,43.84,-33.3,-79.45
,,49.76,-36.71,-81.88
,,52.26,-39.41,-81.5
,,52.9,-41.09,-81.06
,,51.47,-44.17,-79.31
,,52.65,-43.92,-79.85
,,55.26,-43.78,-82.11
,,56.98,-42.55,-84.05
,,59.29,-39.26,-87
,,59.41,-34.28,-88.35
,,56.97,-28.54,-88.19
,,53.89,-22.01,-87.72
,,51.27,-15.04,-87.67
,,48.84,-7.88,-87.9
,,45.79,-0.58,-87.59
,,43.27,5.87,-87.49
,,42.17,10.34,-87.49
,,42.82,12.22,-87.66
,,45.2,11.86,-85.26
,,47.32,8.84,-82.68
,,47.68,5.13,-80.68
,,46.38,5.06,-78.78
,,36.46,3.37,-83.25
,,36.17,-1.77,-81.17
,,35.05,-3.45,-79.99
,,35.67,-7.55,-77.31
,,39.48,-10.86,-77.52
,,40.07,-11.3,-77.32
,,37.73,-12.41,-75.68
,,,,
,,,,
,,37.98,-15.38,-75.03
,,40.06,-16.06,-75.46
,,40.59,-15.65,-75.62
,,40.16,-15.63,-75.66
,,40,-15.57,-75.99
,,39.76,-15.31,-76.14
,,39.63,-15.8,-76.49
,,39.2,-16.62,-76.6
,,38.98,-17.74,-76.55
,,39.18,-18.52,-76.65
,,39.5,-18.89,-76.49
,,39.69,-19.46,-76.38
,,39.94,-20.8,-76.77
,,39.53,-22,-76.62
,,39.14,-24.07,-76.38
,,39.42,-26.23,-76.37
,,39.7,-28.74,-76.54
,,41.36,-32.5,-77.5
,,47.75,-36.35,-80.93
,,54.05,-39.84,-83.68
,,55.36,-41.75,-83.91
,,55.27,-44.07,-84.08
,,52.71,-46.64,-82.05
,,55.32,-46.72,-84.76
,,57.95,-45.81,-87.28
,,60.16,-43.53,-89.13
,,60.72,-39.36,-90.45
,,57.9,-33.89,-89.84
,,53.11,-27.89,-88.49
,,48.81,-21.48,-87.52
,,46.4,-14.91,-87.71
,,44.55,-8.25,-88.37
,,41.81,-1.72,-88.64
,,38.89,3.94,-88.91
,,,,
,,,,
,,37.64,8.35,-88.86
,,37.82,10.73,-88.98
,,38.07,10.24,-87.88
,,39.37,7.26,-85.8
,,40.82,3.85,-82.82
,,40.62,3.77,-82.29
,,32.41,1.11,-84.6
,,28.85,-3.34,-83.17
,,26.16,-5.68,-81.25
,,27.55,-9.38,-79.17
,,30.7,-11.31,-79.28
,,30.55,-11.52,-78.91
,,28.3,-11.26,-77.23
,,27.83,-12.99,-74.86
,,29.65,-13.91,-74.67
,,30.6,-14.33,-75.23
,,30.39,-14.78,-75.64
,,30.28,-15.09,-75.77
,,31.08,-15.19,-75.89
,,32.17,-14.79,-76.33
,,32.46,-14.46,-76.72
,,32.71,-14.82,-77.21
,,33.28,-15.05,-77.65
,,33.78,-15.22,-77.88
,,34.33,-15.61,-78.02
,,35,-15.87,-77.75
,,35.1,-16.22,-77.06
,,35.35,-17.53,-76.76
,,36.13,-19.22,-76.88
,,37.13,-21.72,-77.7
,,38.17,-24.6,-78.15
,,40.9,-28.33,-79.26
,,47.08,-31.93,-82.41
,,51.62,-34.68,-84.1
,,,,
,,,,
,,49.39,-38.15,-80.6
,,47.88,-42.22,-78.51
,,49.39,-43.71,-79.35
,,53.74,-44.21,-82.42
,,56.97,-43.33,-84.74
,,60.78,-40.35,-87.93
,,61.22,-35.42,-88.87
,,57.39,-30.05,-87.19
,,52.31,-24.42,-85.25
,,48.98,-18.8,-84.48
,,47.22,-13.61,-84.43
,,45.88,-9.24,-84.53
,,45.09,-6.51,-84.17
,,45.37,-5.68,-83.67
,,45.82,-6.53,-82.79
,,46.42,-8.56,-82.34
,,46.48,-9.86,-80.86
,,46.34,-8.95,-79.14
,,41.49,-10.75,-82.12
,,39.09,-13.96,-79.11
,,37.62,-15.11,-77.99
,,38.08,-17.14,-76.46
,,39.96,-17.8,-77.45
,,39.11,-17.12,-76.79
,,37.56,-17.16,-76.26
,,36.96,-18.51,-76.32
,,37.67,-19.75,-76.6
,,38.53,-19.55,-77.13
,,38.02,-18.63,-77.18
,,36.69,-17.96,-76.92
,,36.57,-18.15,-77.41
,,36.85,-18.36,-77.75
,,36.11,-18.52,-77.29
,,35.88,-19.67,-77.61
,,,,
,,,,
,,35.34,-21.6,-77.27
,,35.19,-24.81,-76.79
,,35.26,-26.03,-75.6
,,33.86,-29.53,-72.98
,,33.11,-33.1,-71.76
,,33.15,-36.21,-71.74
,,33.15,-39.01,-71.77
,,33.86,-40.34,-72.36
,,35.12,-42.14,-73.66
,,36.04,-44.34,-74.58
,,38.12,-46.34,-76.27
,,40.34,-48.64,-78.43
,,42.55,-50.49,-80.84
,,40.88,-52.75,-79.63
,,35.19,-55.74,-73.94
,,26.26,-55.85,-65.85
,,26.85,-53.62,-67.03
,,34.5,-51.48,-74.3
,,42.28,-47.75,-81.1
,,49.16,-42.01,-86.25
,,52.63,-34.13,-88.07
,,50.4,-24.34,-86.75
,,46.24,-17.21,-85.99
,,44.73,-12.1,-85.02
,,44.62,-9.03,-84.18
,,45.21,-7.67,-84.52
,,46.67,-8.49,-84.45
,,49.31,-9.72,-83.92
,,51.77,-8.85,-83.81
,,52.07,-8.35,-84.44
,,50.03,-8.45,-84.65
,,46.82,-9.73,-82.11
,,44.46,-11.21,-81.47
,,43.49,-11.94,-80.99
,,42.71,-13.77,-82.28
,,,,
,,,,
,,39.33,-16.11,-79.96
,,38.03,-16.94,-77.83
,,38.19,-17.44,-78.72
,,37.65,-16.37,-78.16
,,36.81,-15.7,-77.75
,,35.89,-16.05,-77.64
,,36.35,-16.45,-78.67
,,35.74,-15.53,-78.45
,,33.79,-14.62,-77.12
,,32.75,-14.23,-77.16
,,31.69,-14.52,-77.26
,,30.41,-15.53,-77.14
,,29.26,-17.26,-76.61
,,28.08,-20.63,-75.57
,,27.59,-24.01,-75.39
,,27.11,-28.11,-75.04
,,27.26,-31.93,-75.01
,,27.73,-35.21,-75.3
,,28.48,-38.76,-75.83
,,29.92,-41.59,-76.76
,,32.06,-43.5,-78.21
,,35.72,-45.46,-81.38
,,38.59,-47.95,-84.31
,,39.29,-50.09,-85.47
,,35.71,-52.55,-81.52
,,29.38,-54.14,-74.95
,,25.34,-52.54,-71.54
,,30.85,-49.78,-77.35
,,35.47,-46.28,-81.22
,,40.67,-41.3,-85.51
,,44.8,-34.63,-88.68
,,45.88,-27.06,-89.61
,,43.45,-19.93,-88.55
,,38.66,-13.48,-86.45
,,,,
,,,,
,,35.15,-8.58,-84.87
,,36.24,-6.29,-84.43
,,39,-3.88,-85.04
,,40.46,-2.48,-85.21
,,42.16,-2.95,-84.45
,,44.34,-2.4,-83.96
,,44.64,-2.31,-84.21
,,43.13,-3.8,-85.12
,,42.6,-6.52,-84.55
,,40.83,-8.29,-84.05
,,37.76,-9.2,-83.34
,,35.86,-11.19,-82.11
,,33.99,-12.73,-81.9
,,32.41,-13.41,-81.92
,,30.16,-15.92,-81.14
,,29.83,-17.43,-79.59
,,30.66,-16.91,-80.24
,,29.82,-16.14,-79.68
,,29.36,-16.71,-79.48
,,29.99,-16.7,-80.06
,,29.95,-15.99,-79.75
,,28.68,-15.45,-79.01
,,27.91,-16.07,-78.9
,,27.44,-17.81,-77.85
,,27.21,-19.3,-77.16
,,26.8,-22.56,-76.48
,,26.93,-26.49,-75.7
,,27.42,-30.63,-74.49
,,28.57,-33.75,-74.61
,,29.11,-37.48,-74.68
,,30.83,-39.96,-75.72
,,33.39,-42.36,-77.57
,,36.11,-44.47,-79.75
,,38.31,-46.6,-81.81
,,40.33,-48.12,-83.92
,,,,
,,,,
,,37.45,-49.79,-81.17
,,32.23,-51.54,-75.02
,,27.8,-51.57,-70.4
,,30.97,-49.68,-73.72
,,38.13,-45.84,-80.56
,,43.32,-41.56,-84.14
,,47.47,-35.63,-86.83
,,49.35,-28.1,-88.22
,,48.56,-20.77,-88.76
,,45.26,-14.81,-87.66
,,41.57,-9.83,-85.75
,,40.69,-7.02,-85.05
,,42.16,-5.75,-85.78
,,43.59,-4.77,-86.29
,,44,-4.67,-86.19
,,44.72,-3.75,-86.22
,,45.27,-3.66,-86.85
,,45.2,-3.85,-87.38
,,45.52,-5.33,-86.18
,,42.11,-6.48,-85.78
,,37.94,-7.06,-83.92
,,37.04,-9.41,-84.51
,,36.8,-10.62,-84.4
,,35.13,-11.52,-82.2
,,33.3,-14.59,-82.58
,,32.19,-17.34,-80.88
,,31,-18.96,-79.03
,,30.24,-20.3,-79.3
,,29.82,-20.35,-79.56
,,28.99,-19.16,-79.04
,,27.94,-18.2,-77.42
,,27.82,-17.42,-77.81
,,27.66,-17.07,-78.37
,,27.34,-17.68,-78.56
,,,,
,,,,
,,27.31,-17.68,-78.63
,,26.61,-17.84,-77.71
,,25.74,-20.87,-76.75
,,26.39,-23.64,-77.4
,,26.41,-24.83,-76.5
,,25.7,-27.94,-75.06
,,25.84,-31.07,-74.74
,,26.04,-34.85,-74.94
,,26.69,-38.43,-75.51
,,28.29,-41.4,-76.54
,,30.81,-43.87,-78.18
,,33.5,-46.52,-81.04
,,36.68,-48.89,-83.92
,,38.49,-50.71,-86.43
,,34.5,-53.71,-82.61
,,28.28,-55.99,-76.68
,,23.87,-54.61,-72.57
,,29.28,-51.97,-78.22
,,33.43,-48.45,-82.03
,,37.48,-43.7,-85.28
,,42.21,-37.6,-88.2
,,43.6,-30.28,-87.67
,,41.55,-22.38,-85.28
,,38.94,-14.97,-84.6
,,36.72,-9.19,-83.89
,,36.71,-5.97,-83.39
,,37.62,-3.84,-84.3
,,38.07,-3.66,-84.6
,,39.3,-4.55,-84.96
,,41.13,-4.23,-84.68
,,41.87,-4.41,-84.93
,,41.59,-5.75,-85.48
,,41.64,-7.52,-83.08
,,37.43,-8.22,-82.72
,,33.21,-8.6,-82.06
,,,,
,,,,
,,33.01,-11.03,-82.91
,,32.38,-11.61,-82.69
,,29.57,-13.54,-80.93
,,27.7,-16.21,-79.03
,,27.63,-17.88,-78.77
,,27.77,-18.97,-79.27
,,27.46,-17.97,-79.2
,,26.6,-16.75,-78.51
,,26.88,-17.25,-78.59
,,27.49,-17.03,-79.11
,,27.67,-16.09,-79.4
,,27.46,-15.96,-79.09
,,27.64,-15.77,-79.09
,,28.11,-16.04,-79.64
,,28.06,-16.83,-78.97
,,28.34,-17.83,-78.65
,,27.44,-20.34,-76.26
,,26.74,-24.27,-74.75
,,26.52,-27.57,-74.33
,,26.36,-30.61,-74.63
,,26.04,-34.56,-74.46
,,27.03,-37.9,-75.07
,,28.99,-40.48,-76.1
,,31.06,-43.18,-77.32
,,34.49,-45.34,-79.88
,,37.76,-47.52,-83.4
,,38.62,-49.56,-84.86
,,33.8,-52,-79.98
,,26.93,-52.92,-72.77
,,23.93,-50.91,-69.66
,,31.46,-47.89,-76.95
,,35.94,-44.39,-80.6
,,41.47,-39.86,-84.36
,,45.87,-33.53,-87.29
,,,,
,,,,
,,46.34,-26.36,-87
,,44.85,-19.6,-86.7
,,40.94,-13.39,-84.75
,,38.18,-8.71,-83.68
,,38.75,-6.34,-83.49
,,40.53,-3.62,-84.46
,,40.6,-1.91,-85.07
,,40.5,-2.76,-85.27
,,41.26,-2.66,-85.21
,,41.61,-2.72,-85.48
,,40.94,-4.4,-86.15
,,40.33,-6.19,-84.34
,,35.55,-7.75,-83.91
,,29.85,-8.59,-82.77
,,28.85,-11.88,-82.64
,,29.76,-13.24,-81.19
,,28.84,-14.4,-81.21
,,27.36,-16.82,-79.23
,,28.22,-18.94,-78.11
,,28.57,-19.91,-77.51
,,29.56,-19.28,-78.67
,,29.39,-18.07,-78.12
,,30.23,-17.49,-77.63
,,31.71,-17.01,-78.35
,,31.7,-17.01,-76.83
,,32.29,-17.35,-76.91
,,32.51,-17.04,-76.77
,,31.62,-16.6,-76.55
,,29.67,-16.91,-75.91
,,28.23,-19.39,-75.03
,,27.26,-20.5,-74.39
,,25.48,-21.78,-72.74
,,23.79,-25.32,-71.66
,,22.79,-28.84,-71.39
,,22.42,-32.51,-71.61
,,,,
,,,,
,,22.98,-35.61,-72.11
,,24.03,-38.64,-73.01
,,26.25,-41.31,-74.3
,,28.52,-43.91,-75.64
,,30.42,-46.93,-76.91
,,32.41,-48.62,-78.45
,,34.3,-49.26,-80.43
,,33.85,-49.86,-80.18
,,30.14,-51.38,-76.29
,,25.49,-53.06,-71.45
,,21.98,-53.06,-68.31
,,26.94,-50.92,-73.89
,,31.69,-47.17,-79.32
,,35.17,-42.77,-82.66
,,40.32,-36.96,-86.75
,,43.04,-29.43,-88.79
,,43.93,-21.05,-90.1
,,40.25,-11.41,-88.71
,,33.84,-6.05,-87.2
,,32.04,-3.91,-87.47
,,34.59,-4.1,-87.5
,,37.41,-4.13,-86.27
,,38.2,-3.81,-86.71
,,37.24,-6.29,-86.92
,,37.2,-9.14,-84.96
,,35.95,-10.54,-83.44
,,34.74,-11.64,-84.27
,,33.26,-14.05,-84.42
,,31.35,-16.71,-81.52
,,29.53,-19.85,-79.29
,,28.74,-21.01,-77.63
,,28.21,-20.66,-78.21
,,25.85,-22.34,-78.16
,,25.02,-24.5,-77.24
,,,,
,,,,
,,25.86,-25.07,-77.72
,,26.2,-24.38,-78.38
,,25.6,-24.32,-78.01
,,25.38,-24.75,-77.76
,,25.65,-23.62,-77.61
,,25.48,-22.63,-77.48
,,24.95,-22.28,-77.24
,,24.87,-23.38,-77.46
,,25.34,-24.06,-77.42
,,25.25,-26.73,-76.34
,,25.4,-30.26,-75.96
,,26.42,-31.64,-76.58
,,27.21,-34.07,-76.95
,,27.97,-38.5,-76.54
,,28.13,-43.09,-75.21
,,28.6,-47.12,-74.44
,,31.71,-49.08,-76.54
,,34.72,-51,-79.14
,,36.67,-54.07,-80.53
,,40.02,-55.73,-82.5
,,43.44,-56.92,-84.44
,,46.54,-60.23,-85.22
,,48.59,-61.26,-83.83
,,55.11,-60.57,-85.41
,,62.92,-57.63,-86.76
,,71.82,-56.07,-90.19
,,76.02,-55.1,-88.26
,,79.56,-54.63,-86.04
,,82.55,-54.86,-83.49
,,86.86,-55.82,-81.8
,,93.75,-57.27,-82.43
,,103.18,-58.78,-85.44
,,114.04,-59.3,-89.9
,,125.65,-58.43,-95.13
,,,,
,,,,
,,137.06,-55.94,-100.23
,,146.1,-52.57,-103.05
,,151.58,-49.61,-102.57
,,155.95,-46.8,-101.26
,,161.24,-44.48,-100.78
,,166.57,-42.85,-99.94
,,171.77,-40.04,-99.49
,,176.13,-38.35,-99.3
,,177.9,-36.68,-98.65
,,176.67,-35.08,-97.38
,,171.8,-34.23,-93.61
,,169.59,-33.87,-91.16
,,171.11,-33.68,-91.36
,,171.62,-33.06,-90.71
,,170.46,-32.88,-89.14
,,169.6,-33.18,-87.84
,,169.53,-33.49,-87.08
,,169.41,-33.84,-86.49
,,169.78,-33.94,-86.18
,,170.37,-33.59,-85.67
,,170.15,-33.02,-84.82
,,169.76,-32.72,-84.19
,,170.26,-32.84,-84.37
,,171.18,-32.84,-84.96
,,172.24,-32.71,-85.76
,,173.02,-32.4,-86.27
,,173.94,-31.83,-86.87
,,174.7,-31.32,-87.51
,,175.82,-30.96,-88.3
,,176.76,-30.59,-89.03
,,177.19,-30.28,-89.52
,,176.12,-30.37,-89.12
,,174.46,-31.39,-88.68
,,172.7,-32.2,-87.78
,,,,
,,,,
,,170.01,-33.36,-86.63
,,168.64,-34.61,-86.05
,,166.96,-35.92,-85.1
,,165.71,-37.7,-84.43
,,165.73,-39.17,-84.35
,,164.36,-40.18,-83.44
,,163.71,-41.51,-83.17
,,164.24,-42.33,-83.32
,,166.93,-42.89,-85.57
,,169.82,-43.33,-87.68
,,173.81,-44.54,-90.68
,,-178.55,-45.34,-94.87
,,-171.09,-46.25,-97.41
,,-162.96,-49.58,-100.38
,,-151.48,-53.75,-105.26
,,-140.74,-57.74,-111.43
,,-129.96,-61.52,-118.96
,,-121.67,-64.84,-125.3
,,-115.44,-68.25,-130.83
,,-114.84,-70.38,-131.09
,,-116.86,-70.95,-129.57
,,-120.46,-69.57,-127.52
,,-128.2,-67.41,-122.1
,,-135.84,-64.08,-117.32
,,-143.83,-60.82,-111.95
,,-150.59,-57.14,-107.15
,,-154.51,-54.75,-104.8
,,-157.23,-54.14,-102.98
,,-159.95,-54.73,-100.62
,,-161.03,-56.1,-99.26
,,-161.32,-57.08,-97.44
,,-155.93,-56.53,-103.71
,,-160.22,-57.77,-99.91
,,-162.98,-59.1,-97.82
,,,,
,,,,
,,-163.94,-59.32,-97.91
,,-163.24,-59.14,-99.94
,,-163.09,-58.13,-100.81
,,-165.29,-57.07,-98.91
,,-167.55,-56.22,-96.66
,,-168.78,-54.99,-95.37
,,-169.55,-53.63,-94.63
,,-169.77,-52.18,-94.49
,,-169.97,-51.05,-94.55
,,-169.33,-49.88,-95.13
,,-167.96,-48.34,-96.02
,,-166.32,-46.68,-96.9
,,-165.01,-45.07,-97.55
,,-163.49,-43.83,-98.44
,,-162.18,-42.58,-99.28
,,-161.52,-41.59,-99.89
,,-160.83,-41.01,-100.53
,,-160.25,-40.86,-100.97
,,-159.84,-41.03,-101.08
,,-159.98,-41.54,-100.78
,,-160.38,-42.47,-100.18
,,-160.63,-43.26,-99.59
,,-160.74,-43.43,-99.28
,,-160.73,-43.23,-99.32
,,-158.86,-42.67,-101.41
,,-155.9,-42.26,-103.86
,,-152.3,-42.24,-106.46
,,-149.26,-42.57,-107.64
,,-148.94,-45.76,-106.95
,,-146.92,-51.68,-107.19
,,-140.47,-58.01,-110.47
,,-130.73,-63.07,-117.46
,,-119.66,-65.89,-126.59
,,-113.61,-68.01,-132.19
,,-115.22,-71.19,-131.8
,,,,
,,,,
,,-124.27,-74.56,-125.3
,,-130.27,-75.11,-122.28
,,-138.32,-74.03,-117.54
,,-146.15,-71.36,-113.18
,,-155.1,-68.44,-107.53
,,-162.16,-64.88,-102.45
,,-163.46,-61.88,-102.04
,,-162.21,-60.66,-103.62
,,-165.86,-61.8,-100.37
,,-171.01,-64.49,-95.49
,,-173.63,-66.33,-92.13
,,-168.99,-65.13,-96.37
,,-169.17,-65.76,-98.31
,,-173.34,-67.72,-95.06
,,-173,-67.23,-96.5
,,-171.84,-65.64,-98.43
,,-172.91,-64.1,-97.44
,,-174.66,-62.54,-95.31
,,-177.63,-61.19,-92.15
,,179.86,-59.78,-89.82
,,178.87,-58.04,-89.28
,,178.3,-56.45,-89.66
,,178.11,-55.08,-90.24
,,178.27,-53.87,-90.51
,,178.72,-52.25,-90.86
,,179.64,-50.88,-91.65
,,-178.6,-49.27,-92.92
,,-176.82,-47.71,-94.06
,,-174.95,-46.43,-95.25
,,-172.83,-45.58,-96.67
,,-171.52,-44.96,-97.67
,,-170.52,-44.5,-98.31
,,-170.38,-44.4,-98.33
,,-170.6,-44.57,-97.94
,,,,
,,,,
,,-171.28,-45.42,-97.43
,,-171.08,-45.69,-97.45
,,-170.63,-45.71,-98.03
,,-169.02,-45.52,-99.59
,,-166.08,-45,-101.98
,,-163.05,-44.77,-104.3
,,-163.05,-45.74,-103.53
,,-167.91,-49.63,-99.56
,,-168.8,-56.12,-97.92
,,-159.41,-62.65,-103.49
,,-146.87,-67.66,-112.74
,,-130.85,-70.55,-126.53
,,-122.32,-72.83,-135.26
,,-117.11,-76.33,-142.15
,,-120.19,-80.63,-141.1
,,-133.51,-82.54,-130.06
,,-145.66,-81.43,-120.6
,,-154.6,-78.45,-114.55
,,-161.59,-74.74,-110.33
,,-167.48,-70.67,-106.46
,,-171.99,-67.29,-103.4
,,-177.68,-65.69,-98.78
,,176.05,-65.85,-93.18
,,171.42,-66.88,-88.76
,,168.98,-67.03,-84.26
,,177.03,-66.28,-93.24
,,172.81,-67.36,-90.11
,,170.49,-67.57,-89.18
,,169.69,-65.93,-89.73
,,169.35,-64.54,-90.72
,,167.58,-62.68,-89.96
,,165.27,-61.67,-88.31
,,165.16,-60.26,-88.2
,,164.94,-58.73,-87.88
,,,,
,,,,
,,165.63,-57.2,-88.38
,,166.25,-55.64,-88.78
,,166.51,-54.09,-89.08
,,167.34,-52.47,-89.88
,,168.51,-50.94,-90.97
,,169.95,-49.45,-92.01
,,170.65,-48.24,-92.5
,,171.32,-47.28,-93.1
,,171.85,-46.64,-93.72
,,172.27,-46.29,-94.18
,,172.12,-46.22,-94.34
,,171.2,-46.56,-93.79
,,169.07,-47.49,-92.33
,,168.13,-48.31,-91.54
,,168.32,-48.76,-91.96
,,167.7,-49.24,-92.21
,,169.26,-49.07,-94.41
,,173.62,-48.32,-98.32
,,178.26,-47.83,-101.06
,,178.3,-49.39,-100.39
,,174.57,-54.57,-97.02
,,179,-61.23,-98.95
,,-172.89,-67.36,-105.29
,,-161.21,-71.99,-115.13
,,-149.55,-74.54,-126.68
,,-146.04,-77.17,-131.36
,,-147.42,-81.18,-131.83
,,-163.66,-83.7,-117.74
,,176.72,-83.42,-100.37
,,166.83,-80.99,-93.05
,,156.79,-77.21,-85.67
,,150.83,-72.97,-81.49
,,146.49,-68.7,-78.74
,,145.84,-65.89,-78.8
,,,,
,,,,
,,145.18,-64.99,-78.3
,,141.74,-65.71,-74.95
,,135.61,-65.74,-67.56
,,140.81,-65.91,-74.17
,,142.3,-64.94,-76.76
,,135.01,-64.65,-71.67
,,132.11,-65.73,-70.49
,,134.31,-63.67,-74.04
,,133.14,-62,-74.84
,,133.71,-61.27,-76.61
,,133.55,-59.58,-76.96
,,134.4,-57.94,-77.62
,,134.88,-56.25,-78.11
,,136.14,-54.64,-79.24
,,137.61,-53.01,-80.48
,,138.36,-51.44,-81.2
,,139.46,-49.91,-82.33
,,140.75,-48.39,-83.59
,,141.76,-47.05,-84.53
,,142.04,-46.02,-84.9
,,141.93,-45.36,-85.13
,,142.5,-44.99,-86.03
,,142.19,-44.74,-86.27
,,141.29,-44.72,-85.89
,,140.18,-45.06,-85.45
,,139.06,-45.58,-85
,,138.09,-45.83,-84.36
,,138.25,-45.57,-85.28
,,138.11,-45.3,-85.96
,,138.37,-45.31,-86.86
,,140.77,-45.57,-89.36
,,144.33,-45.99,-91.74
,,144.92,-47.34,-91.48
,,142.03,-51.27,-88.51
,,141.54,-58.59,-86.93
,,,,
,,,,
,,142.07,-66.43,-85.79
,,148.59,-73.15,-91.69
,,161.86,-77.2,-104.09
,,175.02,-80.21,-117.87
,,160.6,-84.14,-104.72
,,164.18,-85.03,-110.28
,,145.1,-84.56,-93.08
,,126.75,-81.77,-76.6
,,114.84,-76.93,-66.88
,,114.56,-72.4,-68.71
,,117.78,-68.52,-72.91
,,122,-65.7,-77.55
,,121.98,-64.52,-78.52
,,114,-64.5,-71.88
,,103.17,-64.61,-62.79
,,99.59,-64.53,-58.27
,,104.17,-64.73,-63.36
,,108.3,-64.09,-68.82
,,102.86,-63.38,-66.38
,,97.57,-63.87,-62.74
,,97.04,-62.97,-64.09
,,98.47,-60.13,-66.57
,,96.26,-58.39,-66.91
,,95.82,-56.21,-68.12
,,95.85,-53.97,-69.59
,,96.08,-51.76,-70.69
,,95.98,-49.83,-71.1
,,96.83,-48.08,-72.15
,,97.26,-46.12,-72.81
,,97.47,-44.38,-73.39
,,97.92,-42.88,-74.04
,,98.18,-41.56,-74.66
,,98.51,-40.42,-75.38
,,98.42,-39.61,-75.64
,,,,
,,,,
,,98.05,-38.97,-76.21
,,97.18,-38.32,-76.43
,,95.65,-38.31,-76.53
,,94.45,-38.22,-76.61
,,92.23,-38.02,-75.85
,,90.55,-38.09,-75.91
,,90.39,-38.1,-76.97
,,89.9,-38.1,-77.63
,,90.05,-38.75,-78.85
,,92.96,-39.66,-80.63
,,93.6,-41.2,-79.87
,,89.55,-44.82,-76.46
,,86.65,-51.76,-73
,,84.59,-58.86,-70.99
,,83.59,-64.56,-70.34
,,83.4,-67.88,-71.11
,,77.43,-70.25,-67.26
,,68.3,-71.71,-59.83
,,64.55,-71,-58.01
,,64.99,-68.97,-60.15
,,63.77,-65.23,-60.76
,,61.86,-60.46,-61.22
,,62.07,-56.3,-62.66
,,63.72,-52.78,-64.42
,,65.98,-51.15,-66.36
,,65.34,-50.53,-65.54
,,61.94,-50.96,-62.06
,,58.78,-51.61,-58.73
,,60.87,-51.57,-61.03
,,61.88,-50.9,-64.06
,,56.22,-49.87,-61.81
,,50.93,-50.19,-58.15
,,50.23,-48.92,-58.77
,,48.68,-46.58,-60.52
,,,,
,,,,
,,46.86,-45.6,-61.11
,,46.66,-44.8,-62.38
,,47.47,-43.98,-64.06
,,47.51,-41.97,-64.89
,,46.95,-39.6,-64.58
,,47.3,-37.38,-64.75
,,47.99,-35.21,-65.59
,,48.91,-33.34,-66.89
,,49.55,-31.77,-68.32
,,49.5,-30.5,-68.77
,,49.22,-29.95,-69.28
,,49.23,-29.26,-70.03
,,48.86,-29.02,-70.93
,,48.18,-28.67,-71.36
,,47.12,-28.16,-71.42
,,45.61,-27.97,-71.16
,,43.24,-28.63,-70.42
,,41.1,-30.27,-70.02
,,40.11,-31.49,-70.58
,,39.47,-31.78,-71.53
,,40.09,-31.34,-73.42
,,41.72,-30.54,-75.78
,,44.31,-29.89,-78.79
,,47.27,-29.39,-80.34
,,46.39,-30.35,-79.25
,,44.32,-34.15,-75.85
,,44.23,-41.9,-72.74
,,42.75,-48.84,-70.32
,,44.61,-55.09,-71.63
,,47.66,-58.93,-75.04
,,47.46,-60.33,-76.48
,,46.55,-58.9,-78.56
,,42.44,-54.47,-77.94
,,37.32,-48.91,-76.08
,,,,
,,,,
,,35.26,-43.01,-77.63
,,36.33,-36.61,-81.82
,,38.1,-29.17,-85.9
,,38.89,-20.77,-88.72
,,35.36,-10.75,-88.2
,,32.17,-2.75,-88.18
,,30.94,3.09,-87.67
,,31.91,7.55,-86.48
,,32.44,11.08,-85.75
,,30.63,11.75,-86.84
,,28.52,9.19,-85.76
,,27.62,8.24,-83.71
,,23.69,7.21,-86.76
,,20.65,3.17,-85.56
,,18.22,0.33,-84.38
,,16.59,-1.79,-81.52
,,16.5,-4.51,-80.23
,,15.84,-5.76,-80.41
,,14.96,-7.75,-80.37
,,15.18,-7.56,-79.13
,,15.79,-7.24,-77.75
,,16.34,-7.06,-77.25
,,16.64,-7.72,-77.65
,,16.52,-8.37,-77.99
,,15.67,-9.6,-77.27
,,15.41,-11.48,-76.98
,,16.03,-12.22,-77.42
,,15.86,-13.03,-77.72
,,15.31,-13.65,-77.58
,,14.75,-15.14,-77.27
,,15.21,-16.14,-77.22
,,15.62,-16.67,-76.95
,,15.86,-18.18,-77.28
,,15.4,-19.18,-76.59
,,15.13,-20.98,-76.13
,,,,
,,,,
,,15.75,-23.01,-76.19
,,16.63,-25.2,-76.7
,,18.28,-28.46,-77.73
,,23.28,-32.12,-80.02
,,28.38,-35.51,-81.86
,,28.02,-37.97,-80.73
,,25.13,-40.6,-78.41
,,23.34,-43.91,-76.86
,,25.48,-45.12,-78.41
,,30.14,-45.32,-82.49
,,35.26,-43.83,-86.43
,,39.83,-40.19,-90.35
,,40.1,-34.75,-91.74
,,36.02,-28.78,-90.57
,,29.98,-21.84,-88.37
,,25.1,-14.5,-87.61
,,22.23,-7.23,-88.06
,,19.96,-0.05,-88.51
,,17.7,6.24,-88.67
,,16.29,10.82,-88.62
,,16.69,13.12,-88.47
,,18.59,12.99,-86.11
,,19.58,10.54,-83.7
,,19.14,9.06,-81.29
,,14.69,8.81,-82.5
,,7.83,5.36,-83.52
,,6.08,1.34,-81.47
,,4.73,-1.62,-78.67
,,7.74,-5.69,-78.04
,,11.51,-7.54,-77.78
,,10.16,-7.01,-76.84
,,8.02,-9.2,-74.49
,,10.2,-12.07,-74.19
,,12.84,-12.43,-74.91
,,13.41,-12.43,-75.46
,,,,
,,,,
,,14.3,-13.48,-75.64
,,15.01,-12.69,-75.69
,,15.25,-11.69,-75.63
,,14.96,-10.97,-75.76
,,15.06,-10.86,-76.14
,,15.17,-10.64,-76.31
,,14.97,-11.06,-76.63
,,14.96,-12.09,-76.94
,,15.33,-12.6,-76.62
,,14.11,-13.85,-75.53
,,13.1,-17.36,-74.73
,,12.99,-19.87,-75.33
,,12.87,-21.95,-75.49
,,13.25,-23.79,-75.99
,,14.65,-26.14,-77.01
,,17.62,-29.35,-78.44
,,23.82,-32.62,-81.13
,,29.32,-36.16,-82.91
,,30.28,-38.73,-82.68
,,29.58,-40.22,-81.91
,,26.61,-43.25,-80.24
,,24.83,-43.41,-79.08
,,26.09,-43.29,-81.16
,,26.12,-41.28,-82.1
,,27.35,-38.12,-84.5
,,28.58,-33.48,-87.16
,,27.35,-27.55,-88.05
,,24.13,-20.48,-87.43
,,20.63,-12.43,-87.08
,,17.68,-4.89,-87.27
,,14.98,2.65,-87.67
,,12.43,8.63,-88.19
,,10.59,13.2,-88.57
,,11.89,14.76,-87.85
,,,,
,,,,
,,14.83,13.79,-84.28
,,16.23,9.68,-81.89
,,16.77,7.82,-78.63
,,6.33,7.85,-83.9
,,-0.07,3.69,-82.66
,,-1.14,0.34,-81.53
,,0.59,-3.52,-78.19
,,4.09,-6.95,-78.63
,,5.07,-8.01,-78.72
,,3.54,-8.02,-77.42
,,2.69,-10.86,-75.54
,,5.76,-13.16,-75.14
,,8.42,-13.09,-75.92
,,9.29,-12.48,-76.15
,,8.86,-11.62,-75.7
,,8.94,-11.18,-75.7
,,9.39,-10.77,-75.87
,,9.45,-10.67,-76.1
,,9.22,-11.78,-76.43
,,9.23,-13.2,-76.83
,,9.25,-13.92,-76.83
,,9.14,-14.29,-76.35
,,8.99,-15.4,-76.37
,,8.35,-16.83,-76.75
,,7.59,-18.84,-76.76
,,7.96,-21.42,-77.28
,,9.75,-24.4,-78.14
,,13.67,-27.93,-79.6
,,20.76,-31.58,-82.24
,,24.37,-35.02,-83.28
,,24.08,-37.18,-83.08
,,23.61,-40.6,-83.24
,,19.91,-41.96,-80.18
,,21.22,-42.58,-82.34
,,21.18,-41.06,-83.11
,,,,
,,,,
,,22.45,-37.66,-85.13
,,25.03,-32.86,-87.93
,,23.84,-26.31,-89.09
,,20.15,-18.97,-89.24
,,16.53,-10.91,-89.64
,,14.3,-2.85,-90.24
,,11.02,5.37,-90.84
,,7.56,11.58,-92.25
,,5.23,15.91,-93.78
,,4.29,16.93,-94.22
,,6.03,15.24,-91.41
,,8.28,10.14,-88.74
,,10.49,8.95,-84.85
,,2.93,6.73,-90.41
,,0.24,1.62,-87.96
,,-0.71,-2.19,-87.32
,,-0.27,-5.43,-84.72
,,3.56,-8.42,-83.64
,,5.34,-8.26,-83.09
,,4.24,-8.48,-82.32
,,3.4,-11.32,-80.66
,,5.73,-13.16,-79.07
,,8.57,-12.97,-79.34
,,9.16,-12.28,-79.75
,,9,-13.36,-79.48
,,9.03,-12.9,-79.31
,,9.3,-11.9,-78.87
,,8.84,-10.98,-78.74
,,7.99,-10.81,-79.04
,,7.15,-10.6,-78.81
,,6.54,-10.65,-78.63
,,6.27,-11.51,-78.72
,,6.2,-13.43,-78.16
,,6.1,-14.58,-77.14
,,,,
,,,,
,,6.49,-16.94,-77.67
,,7.27,-19.23,-78.13
,,8.04,-22.14,-78.4
,,11.01,-26.22,-79.1
,,17.42,-30.56,-81.88
,,21.32,-34.35,-82.65
,,19.04,-36.68,-79.3
,,13.36,-40.01,-75.71
,,9.48,-40.52,-73.32
,,11.54,-41.46,-76.55
,,15.83,-41.21,-80.21
,,19.53,-39.21,-83.69
,,20.55,-35.32,-85.84
,,18.78,-30.48,-85.78
,,17.28,-25.59,-85.91
,,17.61,-21.34,-86.93
,,17.65,-17.86,-87.47
,,15.62,-14.94,-86.52
,,12.65,-12.9,-85.84
,,10.61,-13.27,-84.85
,,10.08,-15.67,-84.26
,,9.15,-18.39,-82.83
,,8.17,-21.31,-81.11
,,6.77,-23.59,-77.7
,,8.1,-25.19,-79.59
,,7.87,-24.83,-80.47
,,4.85,-27.3,-78.64
,,5.59,-28.66,-79.1
,,6.8,-27.3,-80.77
,,6.66,-27.85,-81.25
,,6.77,-27.93,-80.43
,,6.95,-27.51,-77.96
,,7.64,-26.08,-76.24
,,9.04,-24.11,-76.52
,,,,
,,,,
,,10.48,-22.06,-77.81
,,11.28,-19.5,-78.34
,,11.93,-16.85,-78.12
,,12.7,-14.56,-77.63
,,13.17,-12.37,-77.46
,,13.6,-10.52,-78.03
,,13.44,-9.75,-79.3
,,13.28,-9.4,-80.38
,,13.13,-10.09,-81.55
,,12.93,-11.22,-82.44
,,13.15,-13.02,-83.22
,,13.09,-14.7,-83.07
,,12.5,-15.22,-81.58
,,12.62,-15.14,-82.05
,,13.51,-15.26,-83.33
,,15.39,-15.5,-84.94
,,18.89,-15.91,-86.79
,,21.77,-15.93,-86.2
,,20.29,-18.16,-84.05
,,18.44,-24.15,-81.74
,,18.87,-31.84,-79.46
,,20.54,-38.59,-80.03
,,21.75,-41.9,-80.36
,,19.77,-43.43,-79.82
,,16.32,-45.85,-78.61
,,13.3,-46.72,-77.38
,,12.38,-45.92,-78.1
,,10.56,-43.4,-78.3
,,8.39,-39.89,-78.42
,,6.66,-36.01,-78.43
,,6.8,-32.55,-79.15
,,7.5,-29.71,-79.49
,,8.81,-28.96,-79.88
,,8.26,-29.61,-79.12
,,6.43,-31.4,-77.4
,,,,
,,,,
,,5.2,-32.13,-74.55
,,7.66,-32.76,-77.08
,,7.44,-32.2,-78.03
,,4.32,-32.98,-75.43
,,4.74,-33.52,-76.79
,,6,-33.33,-78.58
,,6.71,-31.77,-79.95
,,7.25,-30.81,-80.61
,,8.52,-29.23,-80.69
,,9.44,-26.46,-80.08
,,10.03,-23.98,-79.06
,,11.31,-21.31,-79.45
,,11.93,-18.4,-79.03
,,12.47,-15.65,-78.75
,,13.15,-13.02,-78.62
,,13.58,-10.4,-78.06
,,13.33,-7.97,-77.59
,,13.6,-6.99,-78.41
,,14.1,-5.63,-79.75
,,14.86,-4.14,-80.65
,,14.9,-3.78,-81.9
,,14.64,-5.29,-82.87
,,14.61,-8.15,-82.24
,,13.79,-9.84,-80.73
,,12.95,-12.42,-80.5
,,12.84,-14.81,-80.93
,,13.99,-15.25,-82.47
,,14.98,-15.09,-84
,,15.98,-14.87,-85.01
,,17.35,-14.85,-85.39
,,16.88,-17.07,-83.76
,,15.05,-24.09,-80.45
,,14.91,-34.05,-77.9
,,16.14,-42.91,-76.19
,,,,
,,,,
,,19.26,-48.15,-78.48
,,19.44,-52.15,-79.84
,,16.24,-56.01,-78.24
,,15.63,-56.52,-79.67
,,13.83,-55.61,-79.68
,,11.35,-52.65,-79.21
,,9.5,-48.25,-79.58
,,8.3,-43.34,-80.23
,,9.09,-38.75,-81.39
,,11.04,-35.09,-82.44
,,11.47,-32.37,-82.19
,,9.24,-31.1,-80.45
,,6.73,-31.01,-78.38
,,5.09,-31.73,-75.11
,,9.8,-33.26,-79.39
,,10.89,-31.86,-80.9
,,8,-33,-79.26
,,8.01,-33.7,-80.17
,,8.89,-34.04,-81.54
,,9.1,-31.98,-81.84
,,7.2,-30.41,-79.49
,,6.47,-28.88,-77.59
,,6.88,-26.41,-77.91
,,7.48,-24.56,-78.6
,,8.1,-23.28,-79.6
,,8.71,-21.64,-79.59
,,9.2,-19.51,-78.43
,,9.87,-16.97,-78.02
,,10.79,-14.63,-78.55
,,11.82,-12.51,-79.78
,,12.47,-10.14,-80.03
,,12.68,-7.92,-79.62
,,13.25,-6.18,-80.12
,,13.77,-4.98,-81.08
,,,,
,,,,
,,13.8,-4.88,-82.34
,,13.47,-6.62,-83.02
,,12.91,-8.11,-82.19
,,11.51,-9.07,-81.3
,,10.88,-11.6,-81.2
,,11.49,-13.55,-81.2
,,13.2,-13.78,-82.86
,,15.5,-13.33,-84.53
,,17.68,-12.73,-85.61
,,19.9,-12.3,-85.86
,,19.72,-13.55,-84.61
,,17.54,-20.15,-81.62
,,18.56,-28.98,-80.33
,,17.5,-37.44,-76.64
,,18.96,-43.14,-77.24
,,18.54,-46.81,-77.21
,,17.58,-50.19,-77.29
,,18.93,-51.13,-80.14
,,18.94,-50.15,-82.03
,,15.68,-47.76,-81.11
,,11.7,-43.59,-79.42
,,10.35,-39.33,-80.2
,,9.21,-34.43,-80.27
,,8.52,-29.95,-80.27
,,7.7,-26.56,-79.79
,,7.35,-25.31,-79.19
,,6.74,-25.66,-78.11
,,5.61,-26.79,-75.19
,,8.06,-28.41,-77.59
,,9.19,-27.43,-79.27
,,6.28,-28.72,-76.98
,,5.77,-30.95,-76.92
,,6.23,-31.07,-77.03
,,5.72,-30.73,-78.08
,,4.67,-30.51,-78.91
,,,,
,,,,
,,4.03,-30.23,-79.65
,,4.56,-29.91,-80.53
,,5.57,-28.8,-81.01
,,6.2,-27.22,-79.2
,,7.06,-25.34,-77.77
,,8.32,-23.13,-76.89
,,9.11,-20.47,-76.25
,,10.27,-17.89,-76.5
,,11.3,-15.37,-76.72
,,12.25,-12.88,-77.14
,,12.87,-10.59,-77.46
,,12.56,-9.35,-77.04
,,13.34,-8.24,-77.96
,,13.75,-8.12,-79.18
,,13.82,-7.73,-80.3
,,13.63,-8.35,-81.62
,,13.32,-9.18,-81.73
,,12.26,-11.78,-80.59
,,11.86,-14.49,-80.2
,,12.32,-16.81,-80.76
,,13.07,-17.97,-81.78
,,13.9,-18.11,-83.4
,,16.09,-18.67,-85.64
,,19.48,-17.69,-86.73
,,20.56,-17.25,-85.67
,,19.6,-20.55,-83.33
,,19.54,-28.11,-80.87
,,19.3,-36.21,-78.94
,,19.84,-43.06,-78.23
,,21.75,-47.22,-79.38
,,22.05,-50.4,-80.59
,,20.89,-53.27,-80.84
,,20.49,-53.96,-82
,,19.73,-53.23,-82.88
,,,,
,,,,
,,18.86,-50.95,-84.02
,,17.31,-47.48,-84.43
,,15.92,-43.4,-84.92
,,15.53,-39.06,-85.28
,,15.14,-34.69,-84.92
,,13.67,-31.69,-83.98
,,11.87,-30.46,-83.01
,,9.87,-30.83,-81.64
,,7.65,-32.02,-79.81
,,5.83,-32.38,-76.27
,,9.83,-32.35,-79.77
,,9,-32.99,-80.8
,,5.55,-33.77,-78.99
,,4.84,-34.25,-79.5
,,5.26,-33.81,-80.69
,,4.81,-31.9,-81.08
,,3.49,-30.53,-80.87
,,3.66,-30.35,-81.47
,,5.12,-29.01,-82.6
,,6.3,-27.41,-82.33
,,6.66,-25.42,-80.43
,,7.26,-23.53,-78.7
,,8.45,-20.83,-78.08
,,9.4,-17.8,-77.94
,,10.42,-15.08,-78.44
,,11.4,-12.3,-78.68
,,12.11,-9.68,-79
,,12.65,-7.31,-78.95
,,12.43,-6.57,-79.17
,,13.12,-6.48,-80.53
,,13.76,-6.05,-81.79
,,13.97,-5.34,-82.53
,,12.91,-6.48,-81.31
,,12.9,-9.16,-81.12
,,13.38,-11.03,-81.78
,,,,
,,,,
,,13.5,-10.9,-81.53
,,13.24,-12.06,-82.21
,,13.56,-13.58,-82.98
,,14.39,-14.06,-84.2
,,15.72,-14.2,-85.78
,,17.3,-13.9,-87.19
,,19.26,-13.09,-87.28
,,19.98,-13.5,-86.31
,,18.63,-17.55,-84.1
,,19.81,-26.03,-81.68
,,21.24,-34.51,-80.39
,,23.09,-41.36,-80.98
,,25.03,-45.47,-82.17
,,23.52,-48.02,-82.05
,,19.55,-50.65,-80.03
,,16.76,-51.34,-79.02
,,13.92,-48.93,-77.29
,,13.07,-46.25,-78.95
,,11.18,-41.91,-79.86
,,8.3,-34.85,-80.38
,,7.11,-27.28,-82.97
,,4.59,-20.72,-84.89
,,0.89,-14.56,-87.02
,,-4.91,-9.9,-89.79
,,-10.77,-6.88,-92.73
,,-14.38,-5.59,-95.55
,,-17.12,-5.93,-97.73
,,-20.75,-7.38,-98.71
,,-25.18,-9.56,-98.35
,,-28.6,-11.69,-96.92
,,-27.25,-11.74,-97.24
,,-30.53,-15.85,-99.64
,,-32.74,-16.43,-99
,,-37.33,-19,-97.67
,,,,
,,,,
,,-39.35,-21.51,-96.32
,,-38.91,-21.86,-96.86
,,-40.11,-21.68,-95.98
,,-40.91,-22.08,-95.48
,,-41.61,-22.96,-94.16
,,-40.88,-23.49,-94.08
,,-39.23,-23.05,-94.53
,,-38.02,-22.06,-94.42
,,-37.22,-22.08,-93.91
,,-36.03,-22.29,-94.33
,,-33.76,-20.65,-94.2
,,-33.02,-19.1,-93.17
,,-32.69,-17.73,-91.96
,,-32.31,-16.49,-91.05
,,-31.61,-15.55,-90.54
,,-30.95,-14.26,-90.34
,,-30.73,-13.16,-90.17
,,-30.32,-12.87,-89.84
,,-29.69,-13.36,-89.85
,,-29.32,-12.92,-89.62
,,-29.17,-13.03,-89.39
,,-28.63,-13.06,-89.54
,,-28.33,-14.62,-90.33
,,-26.7,-15.45,-91.24
,,-25.21,-15.49,-91.38
,,-24.14,-16.89,-91.66
,,-22.38,-17.28,-92.1
,,-21.45,-16.49,-91.86
,,-20.83,-16.07,-91.63
,,-19.62,-16.25,-91.7
,,-18.63,-15.74,-92.62
,,-19.27,-15.89,-94.02
,,-20.91,-16.84,-94.59
,,-22.16,-18.2,-96.14
,,,,
,,,,
,,-25.14,-20.41,-98.12
,,-31.19,-23.36,-98.88
,,-37.85,-26.89,-98.73
,,-45.35,-29.29,-97.63
,,-56.93,-30.36,-93.71
,,-66.61,-30.33,-90.24
,,-72.57,-29.16,-88.46
,,-75.58,-26.83,-88.53
,,-77.75,-23.48,-89.76
,,-80.2,-19.13,-91.33
,,-83.69,-14.58,-92.38
,,-86.68,-10.32,-93.38
,,-87.66,-6.61,-94.35
,,-86.9,-3.28,-95.32
,,-85.36,-0.61,-96.31
,,-83.98,1.13,-96.96
,,-81.96,2.47,-97.52
,,-79.49,3.76,-98.59
,,-77.41,4.27,-99.94
,,-75.95,3.89,-101.15
,,-75.22,2.63,-102.3
,,-74.13,1.01,-103.41
,,-72.74,-0.63,-104.11
,,-71.32,-2.15,-104.55
,,-69.83,-3.44,-104.55
,,-68.02,-5.46,-103.96
,,-65.99,-8.47,-103.13
,,-65.21,-10.31,-101.64
,,-65.44,-11.41,-102.87
,,-65.36,-12.59,-103.11
,,-65.16,-14.15,-103.81
,,-66.32,-16.31,-102.24
,,-67.78,-18.58,-100.94
,,-67.58,-21.19,-101.15
,,-67.1,-21.53,-100.14
,,,,
,,,,
,,-66.92,-21.96,-99.18
,,-65.99,-21.81,-98.95
,,-65.03,-21.27,-98.85
,,-64.49,-21.14,-98.6
,,-63.34,-20.87,-98.99
,,-61.9,-20.74,-99.32
,,-60.16,-21.49,-99.37
,,-58.91,-22.47,-98.94
,,-57.52,-22.27,-99.24
,,-58.12,-23.36,-98.06
,,-57.64,-25.07,-97.14
,,-56.65,-26.48,-96.6
,,-55.78,-28.37,-96.17
,,-53.74,-32.58,-96.88
,,-51.64,-35.56,-96.62
,,-50.65,-37.99,-96.08
,,-47.41,-41.1,-97.46
,,-44.43,-43.46,-98.02
,,-41.65,-44.01,-99.09
,,-38.42,-45.1,-101.48
,,-34.52,-46.45,-104.05
,,-29.75,-46.91,-107.27
,,-27.78,-48.01,-107.89
,,-28.15,-51.34,-106.51
,,-30.7,-53.61,-103.87
,,-33.65,-52.32,-101.77
,,-31.34,-48.48,-104.95
,,-31.73,-44.28,-104.91
,,-29.52,-38.41,-106.74
,,-29.85,-31.51,-106.31
,,-31.35,-25.05,-105.6
,,-34.31,-18.92,-103.48
,,-37.61,-13.15,-101.69
,,-39.15,-8.15,-101.08
,,,,
,,,,
,,-38,-3.38,-101.38
,,-35.35,0.58,-101.77
,,-32.98,2.59,-101.59
,,-29.6,3.93,-101.12
,,-25.46,4.21,-100.21
,,-21.57,3.74,-99.63
,,-18.55,2.55,-99.04
,,-16.2,0.13,-98.47
,,-15.3,-1.1,-96.73
,,-18.35,-3.08,-96.13
,,-18.19,-5.78,-96.25
,,-17.03,-8.95,-96.77
,,-15.9,-9.71,-95.4
,,-15.64,-12.52,-95.06
,,-14.41,-14.47,-93.72
,,-13.8,-14.99,-92.38
,,-13.91,-16,-91.32
,,-13.54,-16.99,-91.76
,,-12.59,-16.79,-92.64
,,-10.81,-16.09,-92.89
,,-9.64,-15.05,-92.67
,,-8.79,-14.25,-92.34
,,-7.76,-14.16,-91.95
,,-6.55,-14.47,-91.35
,,-6.02,-14.92,-90.29
,,-5.79,-17.17,-88.51
,,-4.81,-20.98,-87.27
,,-3.64,-24.7,-85.97
,,-2.18,-28.5,-85.51
,,-0.45,-32.08,-85.3
,,1.67,-35.29,-85.97
,,3.81,-37.79,-86.89
,,5.86,-39.24,-88.2
,,8.83,-40.74,-89.98
,,12.32,-42.87,-92.56
,,,,
,,,,
,,16.41,-44.72,-95.65
,,16.51,-47.21,-94.98
,,12.92,-50.06,-90.45
,,6.61,-51.13,-84.1
,,7.78,-49.27,-85.64
,,12.93,-46.09,-91.01
,,16.03,-41.68,-93.48
,,20.55,-35.61,-96.36
,,21.87,-28.13,-97.23
,,20.24,-21.3,-96.16
,,18.53,-15.18,-94.59
,,16.21,-8.72,-91.87
,,15.7,-4.81,-90.61
,,18.03,-2.79,-90.76
,,20.52,-0.64,-91.09
,,22.38,-0.05,-90.74
,,24.1,0.04,-90.83
,,24.67,0.68,-90.67
,,23.72,-0.21,-90.72
,,22.14,-2.27,-88.42
,,19.8,-3.59,-87.29
,,19.05,-4.81,-87.25
,,17.38,-7.15,-87.95
,,16.22,-9.41,-86.52
,,14.55,-12.98,-85.56
,,16.49,-15.66,-84.26
,,17.59,-17.13,-83.35
,,17.61,-17.68,-83.29
,,17.64,-17.91,-82.81
,,18.08,-17.4,-82.75
,,18.41,-16.52,-82.78
,,18.61,-15.2,-82.66
,,18.78,-14.29,-82.76
,,19.1,-14.38,-82.89
,,,,
,,,,
,,19.99,-15.42,-83.27
,,20.99,-15.73,-82.81
,,21.21,-16.67,-81.01
,,21.95,-18.28,-80.02
,,22.55,-21.84,-78.83
,,22.78,-25.63,-77.59
,,23.68,-28.67,-77.41
,,24.66,-31.67,-77.92
,,25.93,-34.33,-78.63
,,27.52,-37.8,-79.67
,,30,-41.86,-81.28
,,33.83,-44.98,-84.17
,,37.56,-47.04,-87.17
,,38.44,-48.63,-88.29
,,35.02,-51.51,-84.49
,,29.85,-53.43,-78.77
,,25.56,-53.87,-74.39
,,28.59,-52.37,-77.03
,,35.18,-49.3,-83.53
,,39,-45.06,-86.96
,,43.17,-39.4,-90.17
,,44.35,-33.02,-90.7
,,45.18,-25.96,-91.23
,,43.92,-19.67,-89.41
,,41.84,-13.25,-86.69
,,39.42,-8.23,-84.95
,,39.44,-5.46,-83.94
,,41.29,-4.2,-83.96
,,42.72,-4.27,-83.82
,,44.22,-3.37,-83.89
,,45.18,-2.16,-84.84
,,44.28,-2.36,-85.81
,,42.22,-4.17,-86.03
,,41.44,-7.51,-84.51
,,,,
,,,,
,,38.96,-10.48,-83.9
,,35.47,-10.66,-81.74
,,33.04,-12.98,-81.4
,,31.96,-14.94,-81.17
,,29.96,-16.58,-78.67
,,28.87,-19.8,-78.15
,,28.98,-22.48,-77.28
,,28.1,-21.98,-75.65
,,27.15,-21.65,-76.11
,,26.91,-21.79,-77.02
,,27.09,-20.6,-77.26
,,27.1,-19.14,-77.18
,,27.56,-18.14,-77.95
,,27.85,-17.51,-78.63
,,27.86,-17.63,-79.02
,,27.84,-18.09,-79.09
,,27.69,-18.4,-78.64
,,27.25,-20.65,-78.05
,,27.31,-23.99,-77.53
,,27.23,-26.78,-76.59
,,27.86,-30.22,-76.37
,,28.59,-33.8,-76.4
,,30.08,-38.38,-76.87
,,32.46,-42.3,-78.42
,,36.22,-44.9,-81.51
,,39.98,-47.24,-84.72
,,42.19,-49.17,-86.49
,,40.73,-51.19,-84.24
,,38.99,-53.7,-81.45
,,37.86,-54.25,-79.87
,,40.06,-50.9,-82.35
,,42.39,-46.49,-85.62
,,40.64,-41.69,-83.65
,,43.28,-36.25,-85.05
,,47.35,-29.93,-87.28
,,,,
,,,,
,,50.54,-22.71,-88.93
,,48.86,-16.12,-86.92
,,44.72,-9.35,-84.73
,,41.39,-6.37,-84
,,42.7,-6.15,-83.63
,,45.3,-6.26,-84.18
,,46.71,-6.04,-84.23
,,47.37,-6.86,-84.12
,,48.01,-8.51,-83.55
,,47.96,-10.16,-82.54
,,42.23,-10.32,-81.94
,,38.41,-12.14,-81.62
,,36.66,-15.04,-81.52
,,36.89,-16.42,-80.68
,,35,-19.66,-79.77
,,35.44,-21.92,-78.26
,,36.7,-21.89,-78.01
,,36.36,-21.82,-77.46
,,35.84,-22.14,-77.33
,,36.28,-21.73,-77.77
,,36.54,-20.7,-78.05
,,36.61,-19.6,-78.14
,,36.4,-18.86,-78.08
,,36.4,-18.42,-78.26
,,36.09,-17.99,-78.12
,,35.28,-17.82,-77.63
,,33.46,-18.91,-76.33
,,32.26,-21.1,-75.1
,,31.37,-24.15,-74.7
,,30.7,-28.02,-74.53
,,31.1,-31.34,-74.95
,,31.41,-34.97,-75.02
,,32.47,-37.91,-75.44
,,34.37,-40.69,-76.88
,,,,
,,,,
,,36.12,-44.09,-78.05
,,39.34,-47.13,-80.71
,,42.61,-50.1,-84.19
,,39.88,-53.72,-81.92
,,32.18,-56.61,-74.3
,,23.54,-56.16,-66.89
,,25.98,-54.95,-70.46
,,31.31,-52.8,-76.71
,,36.23,-48.71,-81.7
,,42.81,-43.29,-87.66
,,45.9,-35.78,-90.66
,,44.38,-27.09,-90.17
,,41.06,-18.47,-89.5
,,37.31,-11.14,-88.62
,,34.88,-5.13,-87.38
,,35.67,1.5,-86.95
,,36.28,4.9,-86.78
,,36.16,6.51,-88.06
,,37.27,5.97,-87.94
,,38.86,5.44,-86.09
,,38.97,1.55,-85.47
,,39.36,-2.41,-82.79
,,32.51,-3.93,-83.36
,,30.99,-7.26,-82.83
,,30.5,-10.29,-81.77
,,29.55,-14.17,-80.32
,,28.98,-17.48,-79.07
,,29.81,-20.13,-79.27
,,30.26,-20.86,-80.05
,,30.7,-20.2,-79.7
,,31.7,-19.53,-79.27
,,33.55,-17.99,-79.47
,,34.41,-16.29,-79.37
,,34.42,-14.94,-79.24
,,34.32,-14.48,-79.43
,,,,
,,,,
,,34.71,-14.55,-79.77
,,35.25,-13.7,-79.36
,,35.41,-13.27,-78.5
,,35.67,-12.98,-77.93
,,35.76,-13.21,-77.61
,,35.53,-13.51,-77.11
,,35,-14.77,-77.21
,,34.48,-16.98,-77.23
,,33.8,-19.17,-77.4
,,33.65,-21.09,-77.72
,,33.97,-22.94,-78.32
,,36.05,-25.96,-79.49
,,41.17,-28.94,-81.79
,,46.86,-32.17,-83.77
,,47.54,-34.47,-83.88
,,47.63,-36.6,-84.02
,,45.34,-39.98,-82.5
,,43.59,-40.42,-81.22
,,44.79,-40.47,-82.85
,,45.44,-38.85,-84.32
,,47.15,-35.47,-87.07
,,48.48,-30.19,-89.78
,,46.89,-23.64,-90.79
,,43.42,-16.3,-90.83
,,40.62,-8.32,-90.62
,,38.41,-0.75,-90.66
,,35.24,6.2,-90.86
,,32.53,11.38,-91.58
,,30.75,14.53,-92.21
,,30.12,14.37,-92.07
,,30.74,10.85,-89.72
,,32.66,9.02,-86.81
,,28.46,7.41,-90.18
,,26.99,2.55,-88.21
,,,,
,,,,
,,25.53,-0.86,-87.19
,,25.23,-3.79,-84.16
,,27.03,-6.71,-83.03
,,27.99,-7.76,-82.9
,,27.22,-8.64,-82.61
,,26.9,-10.42,-81.39
,,28.69,-11.35,-79.09
,,30.97,-11.69,-77.54
,,32.6,-12.58,-77.84
,,33.79,-13.09,-78.23
,,34.23,-12.59,-77.74
,,35.25,-12.46,-77.45
,,36.2,-12.46,-77.7
,,36.52,-12.62,-77.78
,,36.42,-14.18,-77.55
,,36.77,-15.5,-77.49
,,37.56,-15.8,-77.54
,,37.72,-16.24,-77.46
,,37.17,-17.25,-77.18
,,36.54,-19.38,-77
,,35.87,-22.02,-76.14
,,36.29,-24.25,-76.3
,,37.83,-26.87,-77.02
,,41.57,-30.62,-78.8
,,49.52,-34.28,-82.62
,,55.52,-37.92,-85.06
,,55.93,-39.99,-85.2
,,55.19,-42.77,-84.7
,,52.34,-45.19,-81.86
,,53.78,-45.36,-83.87
,,55.21,-44.42,-85.35
,,56.49,-41.78,-86.67
,,59.07,-37.43,-89.21
,,59.47,-31.5,-90.47
,,,,
,,,,
,,57.3,-24.24,-89.93
,,52.84,-16.6,-88.15
,,48.8,-9.08,-87.35
,,45.2,-1.84,-87.32
,,43.24,4.19,-87.63
,,42.52,8.52,-87.48
,,41.51,10.49,-88.07
,,42.04,10.05,-86.54
,,43.46,8.24,-83.88
,,44.48,6.4,-82.14
,,38.25,4.69,-86.12
,,34.07,-0.04,-84.11
,,30.07,-3.26,-83.14
,,30.91,-7.2,-80.35
,,34.48,-10.14,-80.72
,,35.57,-11.08,-80.8
,,33.38,-11.1,-79.47
,,32.1,-12.88,-76.67
,,34.15,-14.46,-76.01
,,35.35,-14.48,-76.3
,,35.84,-14.97,-76.35
,,35.93,-14.88,-76.2
,,36.86,-15.59,-76.68
,,37.31,-15.67,-76.76
,,37.28,-15.93,-76.58
,,37.35,-16.88,-76.4
,,37.62,-17.83,-76.25
,,37.85,-18.81,-76.11
,,38.56,-20.25,-76.24
,,39.48,-21.68,-76.71
,,40.02,-22.87,-76.67
,,40.21,-24.75,-76.39
,,40.72,-26.77,-76.3
,,41.71,-29.44,-76.64
,,44.52,-33.34,-78.16
,,,,
,,,,
,,52.43,-37.17,-82.32
,,57.36,-40.58,-84.52
,,57.12,-42.37,-83.99
,,55.75,-45.82,-83.58
,,54.36,-47.78,-82.21
,,56.85,-47.43,-85.32
,,60.92,-45.88,-88.7
,,64.67,-42.61,-91.37
,,65.92,-37.58,-92.86
,,64.22,-31.31,-92.72
,,59.36,-24.73,-90.68
,,54.43,-17.61,-89.05
,,51.08,-10.23,-88.57
,,48.55,-2.92,-88.27
,,45.57,3.92,-88.26
,,43.91,8.65,-88.18
,,43.13,11.47,-88.48
,,44.11,11.51,-87
,,45.99,8.56,-84.42
,,47.23,4.99,-81.52
,,46.34,4.77,-80.86
,,35.92,2.33,-84.35
,,33.13,-2.44,-82.74
,,31.79,-5.29,-80.66
,,33.6,-9.16,-78.47
,,36.48,-11.31,-78.96
,,36.18,-11.76,-78.81
,,33.81,-11.8,-77.41
,,32.6,-14.29,-75.38
,,34.56,-15.43,-75.45
,,35.66,-15.58,-75.98
,,36.47,-16.25,-76.38
,,36.68,-15.91,-76.37
,,37.07,-15.59,-76.63
,,37.52,-15.34,-76.91
,,,,
,,,,
,,37.33,-15.09,-77.02
,,36.92,-15.55,-77.07
,,36.88,-16.24,-77.06
,,36.89,-16.91,-77
,,36.91,-17.91,-76.93
,,36.99,-19.18,-76.77
,,37.36,-20.16,-76.94
,,37.32,-21.43,-77.07
,,36.9,-22.95,-76.78
,,37.22,-25.4,-76.77
,,39.05,-29.11,-77.49
,,45.13,-33.57,-80.47
,,54.28,-37.61,-85.09
,,57.3,-39.92,-86.13
,,55.84,-42.96,-84.74
,,52.99,-45.73,-82.26
,,54.23,-45.96,-83.61
,,56.65,-44.9,-85.49
,,58.14,-42.21,-86.76
,,60.95,-37.98,-89.31
,,61.46,-31.71,-90.67
,,57.88,-24.51,-89.38
,,53.16,-16.89,-87.72
,,48.94,-7.51,-86.79
,,45.19,-0.25,-86.95
,,41.3,5.3,-86.98
,,38.62,8.6,-87.46
,,37.97,8.72,-87.57
,,38.66,6.12,-86.08
,,40.25,3.3,-82.99
,,38.38,2.1,-85.15
,,34.46,-2.31,-84.1
,,31.25,-6.15,-82.62
,,29.87,-9.53,-79.92
,,,,
,,,,
,,32.59,-13.26,-79.56
,,35.78,-14.23,-80.59
,,34.13,-13.31,-79.86
,,30.95,-12.89,-76.96
,,30.62,-14.23,-74.95
,,32.43,-14.78,-75.22
,,33.31,-14.93,-75.86
,,33.04,-15.32,-75.8
,,32.4,-16.72,-75.91
,,33.04,-17.9,-76.59
,,33.39,-17.88,-76.91
,,33.08,-17.67,-76.96
,,32.66,-17.73,-77
,,32.36,-18.16,-77.03
,,32.76,-18.73,-77.36
,,33.57,-19.55,-77.7
,,34.38,-20.17,-77.62
,,35.52,-21.51,-77.97
,,36.11,-23.26,-78.08
,,37.49,-25.71,-78.43
,,40.19,-28.91,-79.56
,,45.53,-32.58,-83.1
,,48.79,-35.73,-84.52
,,46.93,-39.87,-80.94
,,44.91,-43.67,-78.68
,,46.23,-45.22,-79.03
,,50.56,-44.6,-82.87
,,53.65,-42.61,-85.41
,,58.34,-39.01,-88.23
,,59.89,-33.5,-89.02
,,58.89,-26.84,-88.38
,,55.69,-20.26,-86.04
,,53.79,-14.06,-84.93
,,53.63,-8.77,-84.66
,,,,
,,,,
,,53.75,-4.83,-85.3
,,51.61,-1.88,-86.47
,,49.1,-1.25,-87.04
,,48.86,-2.35,-86.43
,,50.44,-3.91,-85.65
,,51.7,-4.35,-85.57
,,51.61,-5.33,-85.61
,,50.55,-6.95,-84.95
,,48.99,-8.76,-84.02
,,45.88,-10.14,-83.41
,,38.05,-11.01,-81.68
,,37.7,-13.56,-82.34
,,39.84,-14.27,-82.3
,,39.16,-16.28,-82.55
,,38.6,-18.66,-80.23
,,38.69,-19.13,-78.38
,,37.68,-18.75,-77.13
,,36.14,-17.69,-77.08
,,34.24,-17.48,-77.4
,,33.09,-18.25,-77.6
,,32.99,-17.79,-78.17
,,32.61,-17.36,-78.42
,,32.37,-17.53,-79.04
,,31.8,-17.53,-79.04
,,31.23,-18.68,-78.89
,,31.32,-20.97,-78.25
,,30.97,-22.19,-76.41
,,29.39,-24.17,-73.85
,,27.7,-27.9,-72.24
,,28.23,-31.29,-72.66
,,29.26,-34.49,-73.64
,,29.49,-38.93,-73.62
,,30.87,-41.22,-74.35
,,32.49,-42.5,-75.65
,,34.26,-44.86,-77.55
,,,,
,,,,
,,37.69,-47.26,-80.58
,,38.49,-48.93,-81.97
,,33.58,-51.02,-77.37
,,26.69,-51.67,-71.15
,,24.05,-48.23,-69.06
,,29.81,-44.98,-75.93
,,35.01,-40.89,-80.13
,,41.55,-35.74,-84.44
,,45.71,-28.23,-86.62
,,46.76,-20.56,-87.61
,,44.44,-13.99,-86.53
,,41.35,-7.05,-84.51
,,40.47,-3.33,-83.33
,,42.11,-1.46,-83.92
,,42.74,-0.48,-84.78
,,42.7,-2.14,-85.02
,,43.15,-3.38,-85.28
,,43.49,-3.92,-85.65
,,42.81,-5.86,-85.51
,,42.94,-7.28,-83.09
,,39.46,-7.89,-83.24
,,36.12,-8.62,-82.86
,,34.28,-11.14,-83.29
,,34.14,-13.44,-82.56
,,33.26,-15.78,-82.06
,,32.57,-18.84,-80.09
,,32.98,-19.85,-78.7
,,32.46,-20.02,-78.76
,,31.13,-19.23,-78.51
,,29.85,-19.8,-77.29
,,29.7,-19.63,-77.46
,,29.27,-18.77,-77.27
,,28.62,-18.91,-77.24
,,28.21,-19.69,-77.72
,,,,
,,,,
,,28.09,-20.79,-77.92
,,27.98,-22.97,-77.75
,,27.6,-23.47,-77.16
,,26.45,-25.42,-75.52
,,26.01,-29.05,-75.29
,,27.53,-31.73,-76.22
,,27.8,-34.96,-75.35
,,28.04,-38.27,-74.69
,,29.66,-40.27,-75.72
,,32.49,-42.77,-78.24
,,35.36,-45.42,-80.61
,,38.75,-47.68,-83.78
,,37.81,-50.11,-82.34
,,33.35,-52.7,-76.98
,,27.79,-52.14,-71.04
,,29.75,-49.55,-73.32
,,35.96,-45.93,-79.53
,,42,-41.53,-83.75
,,47.01,-35.53,-86.75
,,49.84,-28.49,-88.35
,,49.23,-20.16,-88.6
,,44.16,-13.43,-86.62
,,39.07,-7.65,-85.44
,,38.46,-4.57,-85.7
,,40.62,-2.6,-86.35
,,41.15,-1.14,-87.15
,,40.56,-2.86,-87.21
,,41.33,-3.64,-86.12
,,42.2,-4.99,-85.69
,,43.39,-7.53,-84.51
,,37.81,-8.07,-83.91
,,35.1,-9.4,-83.47
,,34.61,-12.43,-84.05
,,34.52,-13.62,-82.8
,,32.79,-15.34,-82.87
,,,,
,,,,
,,31.61,-17.5,-80.79
,,30.54,-18.71,-78.42
,,29.76,-20.53,-77.5
,,29.21,-20.72,-78.04
,,28.88,-20.78,-78.82
,,28.45,-20.06,-78.81
,,28.2,-19.41,-78.87
,,28.4,-19.17,-79.26
,,28.09,-18.96,-79.23
,,27.43,-19.79,-78.42
,,27.22,-21.93,-77.82
,,27.12,-22.65,-77.41
,,26.27,-25.8,-75.67
,,25.9,-29.66,-75.07
,,26.42,-32.37,-75.08
,,26.69,-35.99,-75.13
,,28.04,-39.36,-76.1
,,29.64,-42.31,-77.21
,,30.9,-44.54,-78.53
,,31.83,-46.5,-79.57
,,33.84,-48.82,-82.15
,,33.3,-52.21,-81.79
,,29.84,-55.16,-78.24
,,25.64,-56.43,-74.02
,,26.23,-55.13,-74.47
,,32.26,-52.04,-80.17
,,37.93,-47.7,-85.1
,,43.6,-41.86,-89.62
,,46.41,-34.53,-91.34
,,46.24,-26.93,-90.14
,,44.67,-19.39,-88.18
,,43.3,-11.85,-85.59
,,42.64,-5.84,-84.05
,,43.56,-1.05,-83.91
,,,,
,,,,
,,44.39,2.86,-84.54
,,43.78,3.31,-84.83
,,44.54,2.48,-85.27
,,45.5,2.52,-85.36
,,45.2,2.2,-85.6
,,43.37,-0.12,-86.66
,,42.21,-3.6,-86.94
,,41.2,-5.14,-85.63
,,36.12,-6.08,-84.01
,,33.38,-6.96,-84.06
,,33.12,-9.22,-85.25
,,32.83,-9.24,-84.3
,,30.42,-11.67,-83.58
,,29.1,-14.07,-81.55
,,28.52,-14.75,-79.51
,,27.23,-14.65,-78.92
,,25.49,-14.45,-79.04
,,24.19,-15.75,-79.23
,,24.04,-16.38,-79.14
,,24.21,-16.24,-79.6
,,24.36,-16.99,-79.54
,,24.51,-17.98,-80.02
,,25.12,-18.16,-80.29
,,25.35,-19.14,-79.45
,,26.11,-20.15,-79.25
,,25.51,-20.69,-77.91
,,24.71,-24.32,-76.53
,,25.01,-28.17,-76.8
,,26.5,-30.8,-77.77
,,26.86,-34.12,-77.04
,,28.2,-37.29,-77.42
,,30.15,-39.85,-78.57
,,33.74,-42.26,-80.82
,,36.77,-44.67,-83.66
,,,,
,,,,
,,38.24,-47.38,-84.93
,,35.49,-51.45,-81.8
,,30.66,-53.7,-76.46
,,28.13,-52.2,-73.99
,,33.81,-49.16,-79.55
,,37.86,-44.74,-82.63
,,43.03,-39.08,-85.97
,,45.87,-31.78,-87.29
,,46.97,-24.45,-87.72
,,44.6,-17.34,-87.17
,,40.27,-10.96,-85.31
,,36.63,-6.54,-84.62
,,36.38,-3.95,-85.31
,,37.64,-0.65,-86.24
,,38.19,0.77,-86.92
,,38.57,0.94,-86.42
,,39.25,1.95,-86.77
,,39.08,2.18,-87.41
,,38.12,0.61,-88.19
,,36.89,-0.62,-88.07
,,35.54,-2.01,-88.2
,,33.83,-3.28,-86.71
,,29.51,-4.78,-85.6
,,29.16,-6.53,-85.34
,,2,,
